signal_id,market,session_date,signal_minute,direction,side,strike,contract,confidence,market_state,market_lookback_pct,strike_band,strike_distance,strike_distance_pct,underlying_at_signal,underlying_at_exit,und_move_to_exit_pct,und_pre_1m_pct,und_pre_3m_pct,und_pre_5m_pct,opt_pre_5m_pct,premium_position_in_range,und_1m_pct,und_3m_pct,und_5m_pct,und_10m_pct,opt_1m_pct,opt_3m_pct,opt_5m_pct,opt_10m_pct,opt_mid_1m_pct,opt_mid_3m_pct,opt_mid_5m_pct,opt_mid_10m_pct,und_direction_ok_1m,und_direction_ok_3m,und_direction_ok_5m,und_direction_ok_10m,opt_profitable_1m,opt_profitable_3m,opt_profitable_5m,opt_profitable_10m,quadrant_1m,quadrant_3m,quadrant_5m,quadrant_10m,response_ratio_5m,response_ratio_10m,theoretical_elasticity_5m,response_efficiency_5m,response_efficiency_10m,response_gap_5m,entry_ask,entry_bid,entry_ltp,entry_mid,entry_spread,entry_spread_pct,entry_delta,entry_gamma,entry_theta,entry_vega,entry_iv,greeks_status,iv_1m,iv_3m,iv_5m,iv_10m,iv_change_to_exit_pct,iv_state,exit_minute,exit_bid,exit_ask,exit_ltp,exit_spread,exit_reason,hold_minutes,entry_spread_cost,exit_spread_cost,mid_to_mid_per_unit,ask_to_bid_per_unit,execution_friction_per_unit,theta_estimate_per_unit,mfe_per_unit,mae_per_unit,final_pnl_per_unit,final_pnl,final_pnl_pct,loss_reason,loss_note,version,config_hash
NIF-2026-09-24-0933-06ec4e,NIFTY,2026-09-24,09:33,BUY_CE,CE,23250.0,NIFTY 23250 CE,MODERATE,UNKNOWN,,ATM,-13.0,0.0559,23263.0,23261.05,-0.008382409835364,-0.038028777256636434,0.050319767066790796,,,52.9,0.00644800756566221,0.021063491381169475,-0.008382409835364,-0.12552121394489416,-1.880621422730987,-0.6132461161079313,-3.2297628781684407,-9.239574816026163,-1.6574585635359047,-0.42971147943522936,-2.9875179046449696,-9.064865970943321,,True,,False,False,False,False,False,,UNDERLYING_CORRECT_OPTION_LOSS,,UNDERLYING_WRONG_OPTION_LOSS,,72.22,110.56,,0.653,-2.0607,122.3,122.05,122.05,122.175,0.25,0.20462451401677922,0.58066,0.00162,-12.27046,11.14233,8.468460407312099,VALID,8.217491805459277,8.20336998661515,8.236747788095993,8.935369049034746,-2.7361835336212166,IV_HEADWIND,09:38,118.35,118.7,118.35,0.3500000000000085,POSITION_SIGNAL,5,0.125,0.17500000000000426,-3.6499999999999915,-3.95,0.3000000000000087,-0.16360613333333335,-0.3,-30.5,-3.95,-256.75,-3.23,IV_HEADWIND,The underlying moved as expected but IV fell -2.74% over the hold.,12E-option-audit-v1,9d8fb5671d76d03c
NIF-2026-09-24-0939-ce1d7e,NIFTY,2026-09-24,09:39,BUY_PE,PE,23250.0,NIFTY 23250 PE,MODERATE,UNKNOWN,,ATM,-2.0,0.0086,23252.0,23230.25,-0.093540340615861,-0.038906240260002334,-0.0683344865673372,-0.05372993187044638,4.538973384030425,100.0,-0.031180113538620335,-0.058059521761568894,-0.10773266815757472,-0.11676414932049481,4.8138056312443345,6.5395095367847444,11.217075386012725,12.397820163487744,5.092066378722445,6.79699931802682,11.50261423050694,12.6392361900432,True,True,True,True,True,True,True,True,UNDERLYING_CORRECT_OPTION_PROFITABLE,UNDERLYING_CORRECT_OPTION_PROFITABLE,UNDERLYING_CORRECT_OPTION_PROFITABLE,UNDERLYING_CORRECT_OPTION_PROFITABLE,106.77,108.25,95.54,1.118,1.133,1.2097,110.1,109.85,110.05,109.975,0.25,0.22732439190725168,-0.45188,0.00124,-8.64398,11.28274,11.221414882538824,VALID,11.394309381203222,11.362295312278983,11.313648312004105,11.35164852028438,0.7991616996901488,IV_NEUTRAL,09:51,120.1,120.4,120.4,0.30000000000001137,POSITION_SIGNAL,12,0.125,0.15000000000000568,10.275000000000006,10.0,0.2750000000000057,-0.27660736,37.1,-4.65,10.0,650.0,9.083,,,12E-option-audit-v1,9d8fb5671d76d03c
NIF-2026-09-24-0954-c7ee77,NIFTY,2026-09-24,09:54,BUY_PE,PE,23250.0,NIFTY 23250 PE,STRONG,RANGE,-0.0254,ITM,28.95,0.1247,23221.05,23221.9,0.0036604718563638715,-0.03637615962461838,-0.03960353418495594,-0.01636178489849998,0.56508577194753,53.9,-0.04004986854599285,-0.006244334343196055,0.0036604718563638715,0.06050544656679725,4.292017649418367,1.604492579221821,-0.32089851584436874,-7.581227436823107,4.475215733493881,1.7459361830222735,-0.14047762392133026,-7.445314067830617,True,,,False,True,True,False,False,UNDERLYING_CORRECT_OPTION_PROFITABLE,,,UNDERLYING_WRONG_OPTION_LOSS,,123.05,91.33,,1.347,0.1938,124.65,124.5,124.75,124.575,0.15000000000000568,0.1204093919325753,-0.48994,0.00125,-8.51754,11.33621,11.259144999001705,VALID,11.338108497748175,11.381090827820234,11.269436013341696,11.048305758534047,0.09140138386088356,IV_NEUTRAL,09:59,124.25,124.55,124.25,0.29999999999999716,POSITION_SIGNAL,5,0.07500000000000284,0.14999999999999858,-0.17499999999999716,-0.4,0.22500000000000286,-0.11356720000000001,22.55,-19.2,-0.4,-26.0,-0.321,LATE_ENTRY,82% of the move around this signal happened in the 5 minutes BEFORE it (-0.02% before vs +0.00% after).,12E-option-audit-v1,9d8fb5671d76d03c
NIF-2026-09-24-1000-5110e2,NIFTY,2026-09-24,10:00,BUY_CE,CE,23250.0,NIFTY 23250 CE,MODERATE,RANGE,-0.0187,ATM,21.2,0.0913,23228.8,23231.0,0.009471001515363375,0.02971333095051575,0.039621698909545075,0.07345417730244068,5.235970885184331,100.0,0.015498002479689795,0.02195550351288996,0.007749001239837066,0.024323253891726886,0.6238859180035676,0.534759358288765,-0.9358288770053451,0.4456327985739751,0.8924587237840249,0.758589915216416,-0.71396697902723,0.6916555109326117,,True,,True,True,True,False,True,,UNDERLYING_CORRECT_OPTION_PROFITABLE,,UNDERLYING_CORRECT_OPTION_PROFITABLE,,,108.49,,,-1.5547,112.2,111.9,112.2,112.05000000000001,0.29999999999999716,0.26773761713520494,0.52335,0.00151,-12.90082,11.32001,9.270068371604946,VALID,9.203774402952973,9.126519848284339,9.063009579964,9.054005425309885,-1.3035674942761706,IV_HEADWIND,10:06,111.55,111.7,111.75,0.15000000000000568,POSITION_SIGNAL,6,0.14999999999999858,0.07500000000000284,-0.42500000000001137,-0.65,0.22499999999998865,-0.20641312,3.95,-20.4,-0.65,-42.25,-0.579,IV_HEADWIND,The underlying moved as expected but IV fell -1.30% over the hold.,12E-option-audit-v1,9d8fb5671d76d03c
NIF-2026-09-24-1008-0ce47d,NIFTY,2026-09-24,10:08,BUY_CE,CE,23250.0,NIFTY 23250 CE,MODERATE,RANGE,0.0584,ATM,14.8,0.0637,23235.2,23226.25,-0.03851914336868513,0.010760695054814981,0.019801468752430773,0.005595272425203139,0.7528786536758142,100.0,0.03292418399668528,-0.03851914336868513,-0.03679761740806738,-0.09834217049994054,1.9754170324846356,-3.0728709394205445,-2.9850746268656763,-9.306409130816514,2.241758241758252,-2.83516483516483,-2.7472527472527473,-9.032967032967038,True,False,False,False,True,False,False,False,UNDERLYING_CORRECT_OPTION_PROFITABLE,UNDERLYING_WRONG_OPTION_LOSS,UNDERLYING_WRONG_OPTION_LOSS,UNDERLYING_WRONG_OPTION_LOSS,,91.85,108.77,,0.844,1.2552,113.9,113.6,113.6,113.75,0.30000000000001137,0.26373626373627373,0.5325,0.00153,-12.80579,11.29887,9.129451063334521,VALID,9.003174768973823,9.253264737743477,9.28118481967337,9.277884298252497,1.3562006472241577,IV_TAILWIND,10:11,110.4,110.65,110.4,0.25,SIGNAL_FLIP,3,0.15000000000000568,0.125,-3.2249999999999943,-3.5,0.2750000000000057,-0.10244632000000001,2.25,-22.1,-3.5,-227.5,-3.073,MOMENTUM_REVERSAL,"The underlying moved the right way first, then reversed (-0.04% by the exit).",12E-option-audit-v1,9d8fb5671d76d03c
NIF-2026-09-24-1019-f0c234,NIFTY,2026-09-24,10:19,BUY_PE,PE,23250.0,NIFTY 23250 PE,MODERATE,TRENDING_DOWN,-0.1342,ITM,38.35,0.1652,23211.65,23221.95,0.04437426895545673,-0.003015636073026168,-0.021966898898418363,-0.03617563269673328,2.8088744148178324,89.9,0.04437426895545673,-0.01917140746134259,-0.022402543550332388,0.0023694997985893823,-4.784499802293394,0.8699090549624313,0.31633056544087895,-0.7512850929221059,-4.553553751732331,1.1284894080379988,0.593941793704217,-0.47515343496338025,False,,True,,False,True,True,False,UNDERLYING_WRONG_OPTION_LOSS,,UNDERLYING_CORRECT_OPTION_PROFITABLE,,,,92.27,,,-1.4733,126.45,126.1,126.4,126.275,0.3500000000000085,0.27717283706197465,-0.50198,0.00128,-8.19657,11.31707,11.006091868325536,VALID,10.953609538454822,10.95511637116284,10.807105270404572,10.94484202970904,-0.4768480083448366,IV_NEUTRAL,10:20,120.4,120.65,120.6,0.25,SIGNAL_FLIP,1,0.17500000000000426,0.125,-5.75,-6.05,0.2999999999999998,-0.02185752,20.75,-21.0,-6.05,-393.25,-4.784,MOMENTUM_REVERSAL,"The underlying moved the right way first, then reversed (+0.04% by the exit).",12E-option-audit-v1,9d8fb5671d76d03c
NIF-2026-09-24-1021-1e3f6f,NIFTY,2026-09-24,10:21,BUY_PE,PE,23250.0,NIFTY 23250 PE,MODERATE,RANGE,-0.0697,ITM,39.95,0.1721,23210.05,23212.2,0.009263228644494326,-0.0512446198532055,-0.009908518525695471,-0.028858475023423723,2.6701997554015424,81.5,-0.012279163551989524,-0.015510522381462102,-0.029297653387214902,0.018526457288972977,1.2301587301587278,0.6746031746031701,3.293650793650798,-3.4920634920634965,1.4095691880087287,0.8735358348223217,3.4345840778241037,-3.315465554893784,,,True,,True,True,True,False,,,UNDERLYING_CORRECT_OPTION_PROFITABLE,,,,92.92,,,0.7122,126.0,125.85,125.85,125.925,0.15000000000000568,0.11911852293032019,-0.50414,0.00129,-8.06016,11.31439,10.887351679423043,VALID,10.95511637116284,10.807105270404572,10.941605896706827,10.72707833020229,0.5280471502969191,IV_NEUTRAL,10:29,125.5,125.85,125.55,0.3499999999999943,POSITION_SIGNAL,8,0.07500000000000284,0.17499999999999716,-0.25,-0.5,0.25,-0.17195007999999998,21.2,-20.55,-0.5,-32.5,-0.397,LATE_ENTRY,76% of the move around this signal happened in the 5 minutes BEFORE it (-0.03% before vs +0.01% after).,12E-option-audit-v1,9d8fb5671d76d03c
NIF-2026-09-24-1037-71cdf1,NIFTY,2026-09-24,10:37,BUY_CE,CE,23250.0,NIFTY 23250 CE,MODERATE,RANGE,0.0797,ATM,20.8,0.0895,23229.2,23226.75,-0.010547070066987789,0.0015067469978160039,0.003013539402030814,0.03402048980893169,2.7482678983833666,100.0,0.02130938646187009,-0.010547070066987789,-0.040035816988959035,-0.028843007938287705,1.0327795240233548,-0.9429726088908821,-4.0862146385271645,-3.0983385720700394,1.1912789390874379,-0.7192627556754302,-3.8885142728702977,-2.8545740615868582,True,,False,False,True,False,False,False,UNDERLYING_CORRECT_OPTION_PROFITABLE,,UNDERLYING_WRONG_OPTION_LOSS,UNDERLYING_WRONG_OPTION_LOSS,,,109.5,,,0.4953,111.35,111.1,111.4,111.225,0.25,0.22476961114857275,0.52429,0.00153,-12.85431,11.29211,9.198457924279959,VALID,9.123346548814904,9.22737096653406,9.243821741341353,9.294644924383741,0.31432488458509755,IV_NEUTRAL,10:40,110.3,110.55,110.55,0.25,SIGNAL_FLIP,3,0.125,0.125,-0.7999999999999972,-1.05,0.2500000000000029,-0.10283448,4.7,-19.55,-1.05,-68.25,-0.943,LATE_ENTRY,76% of the move around this signal happened in the 5 minutes BEFORE it (+0.03% before vs -0.01% after).,12E-option-audit-v1,9d8fb5671d76d03c
NIF-2026-09-24-1050-c7b36b,NIFTY,2026-09-24,10:50,BUY_CE,CE,23250.0,NIFTY 23250 CE,MODERATE,RANGE,0.0131,ATM,20.2,0.087,23229.8,23234.65,0.02087835452738372,0.017006912556486536,0.031435030681448047,0.054701060856010134,3.8841807909604515,97.9,0.02066311375904774,0.03314707832181391,0.027766059113727745,0.02087835452738372,1.5851449275362317,4.1213768115942,3.8043478260869463,2.989130434782606,1.7901654203489765,4.305461137548153,3.965556310899602,3.1724450487196916,True,True,True,True,True,True,True,True,UNDERLYING_CORRECT_OPTION_PROFITABLE,UNDERLYING_CORRECT_OPTION_PROFITABLE,UNDERLYING_CORRECT_OPTION_PROFITABLE,UNDERLYING_CORRECT_OPTION_PROFITABLE,,,110.41,,,0.8998,110.4,110.25,110.4,110.325,0.15000000000000568,0.13596193065942053,0.52439,0.00154,-12.78164,11.28255,9.120128077454686,VALID,9.077605698469755,9.181383766052466,9.218413873446805,9.192464415141536,0.7931504587711783,IV_NEUTRAL,11:00,113.7,113.95,113.9,0.25,SIGNAL_FLIP,10,0.07500000000000284,0.125,3.5,3.3,0.20000000000000018,-0.34084373333333334,5.65,-18.6,3.3,214.5,2.989,,,12E-option-audit-v1,9d8fb5671d76d03c
NIF-2026-09-24-1101-ecde74,NIFTY,2026-09-24,11:01,BUY_CE,CE,23250.0,NIFTY 23250 CE,STRONG,RANGE,0.0187,ATM,11.05,0.0475,23238.95,23230.15,-0.03786745958831734,0.018506842151697022,0.012695816835947357,-0.011617075379763173,-0.3012048192771036,92.3,-0.011618425100965092,-0.03786745958831734,-0.06024368570869165,-0.0619649338718034,-0.8620689655172413,-3.2758620689655147,-5.474137931034478,-5.431034482758618,-0.6042296072507455,-3.0211480362537766,-5.243849805783331,-5.222270176952942,,False,False,False,False,False,False,False,,UNDERLYING_WRONG_OPTION_LOSS,UNDERLYING_WRONG_OPTION_LOSS,UNDERLYING_WRONG_OPTION_LOSS,87.04,84.28,107.87,0.807,0.781,1.2544,116.0,115.7,115.95,115.85,0.29999999999999716,0.25895554596460696,0.53773,0.00152,-12.93673,11.24947,9.201921113495178,VALID,9.263972735818799,9.220924824458846,9.298914923278268,9.31904789518902,0.2065189510894409,IV_NEUTRAL,11:04,112.2,112.5,112.2,0.29999999999999716,SIGNAL_FLIP,3,0.14999999999999858,0.14999999999999858,-3.5,-3.8,0.2999999999999998,-0.10349384,-1.0,-24.2,-3.8,-247.0,-3.276,SIGNAL_FLIP,The underlying never moved the expected way and 12C flipped to the other side.,12E-option-audit-v1,9d8fb5671d76d03c
NIF-2026-09-24-1110-c1b2b4,NIFTY,2026-09-24,11:10,BUY_PE,PE,23250.0,NIFTY 23250 PE,MODERATE,RANGE,-0.0624,ITM,29.85,0.1286,23220.15,23233.6,0.057923829088085514,-0.0432626494821365,-0.04498377140494473,-0.0555243500099979,4.401251117068808,100.0,0.01894905932992602,0.01830306867096035,-0.013350473618827538,0.07730354885733765,-2.693458743052591,0.684053014108591,7.182556648140223,-5.2159042325780325,-2.46094585919111,0.8131821099935826,7.4042371067836426,-5.050288893644344,,,,False,False,True,True,False,,,,UNDERLYING_WRONG_OPTION_LOSS,,65.33,97.59,,0.669,6.1013,116.95,116.7,116.7,116.825,0.25,0.21399529210357374,-0.49099,0.00134,-7.83709,11.28175,10.555125346940251,VALID,10.502574830480517,10.820854663756771,11.156147305560843,10.804646995427529,2.6953287417915286,IV_TAILWIND,11:18,113.25,113.4,113.4,0.15000000000000568,POSITION_SIGNAL,8,0.125,0.07500000000000284,-3.5,-3.7,0.20000000000000018,-0.16719125333333332,30.25,-6.1,-3.7,-240.5,-3.164,UNDERLYING_DID_NOT_CONTINUE,The underlying did not move down at any measured horizon (move to exit +0.06%).,12E-option-audit-v1,9d8fb5671d76d03c
NIF-2026-09-24-1120-ed0a1a,NIFTY,2026-09-24,11:20,BUY_CE,CE,23250.0,NIFTY 23250 CE,MODERATE,RANGE,0.0773,ATM,11.9,0.0512,23238.1,23229.9,-0.03528687801497149,0.010759352028783418,0.038744505813828344,0.0906661268335093,9.01360544217686,100.0,-0.05206966146112869,-0.04109630305403313,-0.10026637289623193,-0.0694979365782823,-3.918076580587704,-4.096170970614421,-8.414959928762247,-6.455921638468388,-3.699576554490744,-3.8778694004903005,-8.201470915979499,-6.284822821484286,False,False,False,False,False,False,False,False,UNDERLYING_WRONG_OPTION_LOSS,UNDERLYING_WRONG_OPTION_LOSS,UNDERLYING_WRONG_OPTION_LOSS,UNDERLYING_WRONG_OPTION_LOSS,81.8,90.43,111.45,0.734,0.811,2.9734,112.3,112.05,112.05,112.175,0.25,0.22286605749944283,0.538,0.00158,-12.63041,11.23482,8.893924912280665,VALID,9.113766878978028,8.948410184208402,9.14222074026977,8.999786188267763,0.35915099225477587,IV_NEUTRAL,11:22,107.9,108.05,107.85,0.14999999999999147,POSITION_SIGNAL,2,0.125,0.07499999999999574,-4.200000000000003,-4.4,0.1999999999999975,-0.06736218666666666,-4.4,-20.5,-4.4,-286.0,-3.918,UNDERLYING_DID_NOT_CONTINUE,The underlying did not move up at any measured horizon (move to exit -0.04%).,12E-option-audit-v1,9d8fb5671d76d03c
NIF-2026-09-24-1125-596e79,NIFTY,2026-09-24,11:25,BUY_PE,PE,23250.0,NIFTY 23250 PE,STRONG,RANGE,-0.0097,ITM,35.2,0.1516,23214.8,23223.95,0.03941451143236838,-0.020456899466182593,-0.06500243221022123,-0.10026637289623193,13.004282172639167,99.1,0.004953736409538119,0.03941451143236838,0.030799317676660817,-0.033814635491145925,0.23904382470119295,-3.3466135458167354,-2.430278884462149,2.1912350597609564,0.45871559633027753,-3.1112883925010015,-2.233745512564805,2.4331870761866865,,False,False,True,True,False,False,True,,UNDERLYING_WRONG_OPTION_LOSS,UNDERLYING_WRONG_OPTION_LOSS,UNDERLYING_CORRECT_OPTION_PROFITABLE,,,92.17,,,0.6051,125.5,125.2,125.15,125.35,0.29999999999999716,0.2393298763462283,-0.49768,0.00127,-8.36187,11.27113,11.090537779111923,VALID,11.219338567107053,11.183046559830576,11.151154024018718,11.035881331664134,0.8341234894207316,IV_NEUTRAL,11:28,121.3,121.6,121.65,0.29999999999999716,POSITION_SIGNAL,3,0.14999999999999858,0.14999999999999858,-3.9000000000000057,-4.2,0.2999999999999945,-0.06689496,21.7,-5.8,-4.2,-273.0,-3.347,MOMENTUM_REVERSAL,"The underlying moved the right way first, then reversed (+0.04% by the exit).",12E-option-audit-v1,9d8fb5671d76d03c
NIF-2026-09-24-1131-369551,NIFTY,2026-09-24,11:31,BUY_PE,PE,23250.0,NIFTY 23250 PE,STRONG,RANGE,-0.0443,ITM,34.3,0.1477,23215.7,23210.55,-0.02218326391192794,-0.026914191099369343,-0.03552367276023243,-0.0010768458753572436,-0.7742703990470586,90.6,-0.0213217779347628,-0.004738172874400439,-0.015506747588925522,-0.023475492877667817,3.0375699440447734,-0.9592326139088638,0.07993605115907956,-3.6370903277378073,3.301320528211285,-0.7202881152460803,0.32012805122049276,-3.441376550620235,True,,,True,True,False,True,False,UNDERLYING_CORRECT_OPTION_PROFITABLE,,,UNDERLYING_CORRECT_OPTION_LOSS,,,92.19,,,-1.1095,125.1,124.8,125.0,124.94999999999999,0.29999999999999716,0.24009603841536387,-0.49618,0.00127,-8.42053,11.26705,11.133239940403547,VALID,11.233754700396096,10.96654651166254,10.925177158466857,10.469836308408095,-5.672564367377751,IV_HEADWIND,11:38,121.05,121.3,121.0,0.25,POSITION_SIGNAL,7,0.14999999999999858,0.125,-3.7749999999999915,-4.05,0.27500000000000835,-0.15718322666666668,22.1,-5.4,-4.05,-263.25,-3.237,IV_HEADWIND,The underlying moved as expected but IV fell -5.67% over the hold.,12E-option-audit-v1,9d8fb5671d76d03c
NIF-2026-09-24-1148-0129b8,NIFTY,2026-09-24,11:48,BUY_PE,PE,23250.0,NIFTY 23250 PE,STRONG,RANGE,-0.0069,ITM,41.05,0.1769,23208.95,23208.95,0.0,-0.012924377314271313,-0.005385563243746284,0.0023698316126888213,0.8946726311508928,77.1,0.002585209585089135,-0.024128622794233185,-0.025421227586777752,-0.05881351806092673,-1.731078904991953,1.6908212560386426,1.167471819645735,8.735909822866352,-1.5517936316001701,1.9347037484884941,1.3905683192261138,9.008464328899645,,True,True,True,False,True,True,True,,UNDERLYING_CORRECT_OPTION_PROFITABLE,UNDERLYING_CORRECT_OPTION_PROFITABLE,UNDERLYING_CORRECT_OPTION_PROFITABLE,,153.17,94.86,,1.615,-1.0209,124.2,123.9,124.2,124.05000000000001,0.29999999999999716,0.24183796856106177,-0.50703,0.00132,-7.91848,11.24957,10.709943132562849,VALID,10.550665369709147,10.700076079734504,10.575703639257398,10.993229378118613,-2.197722948029854,IV_HEADWIND,12:02,121.3,121.6,121.3,0.29999999999999716,POSITION_SIGNAL,14,0.14999999999999858,0.14999999999999858,-2.6000000000000227,-2.9,0.2999999999999772,-0.29562325333333334,23.0,-2.9,-2.9,-188.5,-2.335,IV_HEADWIND,The underlying moved as expected but IV fell -2.20% over the hold.,12E-option-audit-v1,9d8fb5671d76d03c
NIF-2026-09-24-1205-f28e41,NIFTY,2026-09-24,12:05,BUY_PE,PE,23250.0,NIFTY 23250 PE,MODERATE,RANGE,0.0162,ITM,43.25,0.1864,23206.75,23207.7,0.004093636549713888,0.008403433772326104,-0.00947910181201962,0.05281424475629999,-7.295737949004269,22.3,0.020037273638064165,0.0019390909972345444,0.0021545455524793434,-0.02607000118499692,-1.9253910950661899,0.8824709185719971,0.08022462896108648,1.0830324909747246,-1.766713511343106,1.1242722344910592,0.2810680586227619,1.2447299739008206,False,,,True,False,True,True,True,UNDERLYING_WRONG_OPTION_LOSS,,,UNDERLYING_CORRECT_OPTION_PROFITABLE,,,94.44,,,0.4846,124.65,124.4,124.75,124.525,0.25,0.20076289901626176,-0.50674,0.00131,-8.00429,11.23751,10.778485084012988,VALID,10.680103352295877,10.82103190834887,10.710640999637562,10.531991702657203,-0.5134349338776667,IV_NEUTRAL,12:11,124.1,124.4,124.45,0.30000000000001137,POSITION_SIGNAL,6,0.125,0.15000000000000568,-0.2750000000000057,-0.55,0.27499999999999436,-0.12806863999999998,22.55,-2.4,-0.55,-35.75,-0.441,MIXED,The underlying moved as expected and no single measured factor dominates.,12E-option-audit-v1,9d8fb5671d76d03c
NIF-2026-09-24-1212-c30431,NIFTY,2026-09-24,12:12,BUY_PE,PE,23200.0,NIFTY 23200 PE,STRONG,RANGE,-0.014,ATM,-5.7,0.0246,23205.7,23190.05,-0.06744032716100551,-0.008617829427302146,-0.015511023598292688,-0.01938802767748662,1.4966325767024196,91.8,-0.013358786849792002,-0.021546430402875155,-0.037490788901005906,-0.03490521725266716,-0.09818360333823693,1.1291114383897947,3.38733431516937,1.3254786450662823,0.14745637748833199,1.3762595232243853,3.63725731137872,1.5974440894568689,,True,True,True,False,True,True,True,,UNDERLYING_CORRECT_OPTION_PROFITABLE,UNDERLYING_CORRECT_OPTION_PROFITABLE,UNDERLYING_CORRECT_OPTION_PROFITABLE,,,101.63,,,-0.173,101.85,101.6,101.6,101.725,0.25,0.2457606291472106,-0.44552,0.00131,-8.2335,11.12746,10.714136195542936,VALID,10.630674682494663,10.623291059761492,10.77445873215867,10.570771733260047,-1.8380905516955421,IV_HEADWIND,12:29,105.3,105.45,105.3,0.15000000000000568,SIGNAL_FLIP,17,0.125,0.07500000000000284,3.6500000000000057,3.45,0.2000000000000055,-0.373252,21.15,-1.05,3.45,224.25,3.387,,,12E-option-audit-v1,9d8fb5671d76d03c
NIF-2026-09-24-1232-fb7a9f,NIFTY,2026-09-24,12:32,BUY_PE,PE,23200.0,NIFTY 23200 PE,STRONG,RANGE,-0.0685,ATM,18.3,0.0789,23181.7,23180.35,-0.005823559100506791,-0.03385145464227872,-0.036006821891278996,0.002588315481155695,1.670098375657734,100.0,-0.023941298524263847,-0.052412031904482646,-0.015529490934669082,-0.01143143082690853,3.956834532374093,10.611510791366904,4.316546762589925,3.372302158273381,4.140414041404136,10.868586858685871,4.522952295229529,3.6003600360036003,True,True,,,True,True,True,True,UNDERLYING_CORRECT_OPTION_PROFITABLE,UNDERLYING_CORRECT_OPTION_PROFITABLE,,,,,99.3,,,2.9809,111.2,111.0,111.0,111.1,0.20000000000000284,0.1800180018001826,-0.47591,0.00134,-8.02062,11.1862,10.611034852699163,VALID,10.834911251536917,11.19027940110899,10.918097345950411,10.861203673743045,1.1599932707696967,IV_TAILWIND,12:38,113.25,113.55,113.25,0.29999999999999716,POSITION_SIGNAL,6,0.10000000000000142,0.14999999999999858,2.3000000000000114,2.05,0.25000000000001155,-0.12832992,11.8,-0.85,2.05,133.25,1.844,,,12E-option-audit-v1,9d8fb5671d76d03c
NIF-2026-09-24-1244-99fcd8,NIFTY,2026-09-24,12:44,BUY_PE,PE,23200.0,NIFTY 23200 PE,STRONG,RANGE,-0.0162,ITM,28.05,0.1211,23171.95,23175.0,0.013162465826135792,-0.022220208740514637,-0.04744866378092521,-0.018553476080035693,1.9642077695329547,49.8,-0.001726225026385156,-0.0010788906414867976,-0.0073364563621133635,,1.5818725951261172,2.4796921761436437,1.368106028217182,,1.733732876712309,2.7183219178082045,1.6053082191780699,,,,,,True,True,True,,,,,,,,97.12,,,0.8928,116.95,116.65,116.95,116.80000000000001,0.29999999999999716,0.25684931506849074,-0.48953,0.00133,-8.06069,11.18919,10.713050745705802,VALID,10.865854004810254,10.978248289595898,10.77507289149778,,-0.1512843265303513,IV_NEUTRAL,12:51,114.85,115.15,115.0,0.30000000000001137,POSITION_SIGNAL,7,0.14999999999999858,0.15000000000000568,-1.8000000000000114,-2.1,0.2999999999999887,-0.15046621333333332,2.9,-2.1,-2.1,-136.5,-1.796,MIXED,The underlying moved as expected and no single measured factor dominates.,12E-option-audit-v1,9d8fb5671d76d03c
SEN-2026-09-24-0935-824564,SENSEX,2026-09-24,09:35,BUY_PE,PE,74300.0,SENSEX 74300 PE,MODERATE,UNKNOWN,,ATM,7.62,0.0103,74292.38,74192.09,-0.13499365614617292,0.0015748834889056911,-0.04084887074938381,0.02927132444261318,-7.6874043855176,18.4,0.004643814076217627,-0.004657274406885878,-0.07636045580988315,-0.1940172060714698,-0.3585217870932188,6.72917815774958,19.829012686155536,41.03695532266959,-0.09667173042396517,7.015605579339863,20.20439165861068,41.44455185747822,,,True,True,False,True,True,True,,,UNDERLYING_CORRECT_OPTION_PROFITABLE,UNDERLYING_CORRECT_OPTION_PROFITABLE,264.59,213.61,203.91,1.298,1.048,4.634,181.3,180.75,181.35,181.025,0.5500000000000114,0.303825438475355,-0.49685,0.00087,-178.9295,10.77479,16.932590079989364,VALID,17.037750513493197,17.71613942861153,17.572956337900738,16.435446548961956,3.8749474612106503,IV_TAILWIND,09:51,239.85,240.5,240.45,0.6500000000000057,SIGNAL_FLIP,16,0.2750000000000057,0.32500000000000284,59.150000000000006,58.55,0.6000000000000085,-7.634325333333333,204.15,-0.65,58.55,1171.0,32.295,,,12E-option-audit-v1,9d8fb5671d76d03c
SEN-2026-09-24-0952-391a75,SENSEX,2026-09-24,09:52,BUY_PE,PE,74200.0,SENSEX 74200 PE,STRONG,RANGE,-0.0525,ATM,39.5,0.0533,74160.5,74156.57,-0.005299317021855321,-0.04257866303536739,-0.004072082878488069,0.009305010141104651,-5.1390268123138005,69.9,0.0015506907315810696,-0.04532062216409083,-0.026766270453955708,0.007888296330264522,-2.378463146889708,10.768426555148977,6.664924202822791,-4.939884997386313,-2.146035069353584,11.057314839047368,6.948442816016737,-4.697723109133746,,True,True,,False,True,True,False,,UNDERLYING_CORRECT_OPTION_PROFITABLE,UNDERLYING_CORRECT_OPTION_PROFITABLE,,,,204.13,,,1.4845,191.3,190.8,191.25,191.05,0.5,0.26171159382360637,-0.52588,0.0009,-175.6883,10.60127,16.552036855852048,VALID,16.23835421732184,16.831223976503047,16.81748769295287,16.11415767430229,0.9640841011320292,IV_NEUTRAL,09:59,193.7,194.2,194.15,0.5,POSITION_SIGNAL,7,0.25,0.25,2.8999999999999773,2.4,0.49999999999997735,-3.2795149333333335,115.2,-36.05,2.4,48.0,1.255,,,12E-option-audit-v1,9d8fb5671d76d03c
SEN-2026-09-24-1003-4120bf,SENSEX,2026-09-24,10:03,BUY_CE,CE,74200.0,SENSEX 74200 CE,MODERATE,RANGE,0.0386,ATM,9.74,0.0131,74190.26,74169.86,-0.02749687088304338,0.03223833989402059,0.039751469712152335,0.07086810870363101,9.006455676271461,100.0,0.008302976698024097,-0.0055398107514390465,-0.028804320135817484,-0.04276841730975997,-0.9237875288683571,-1.9630484988452526,1.2413394919168623,-9.728637413394917,-0.7366748519427863,-1.7622418026866866,1.4155712841253727,-9.620106890076544,,,False,False,False,False,True,False,,,UNDERLYING_WRONG_OPTION_PROFITABLE,UNDERLYING_WRONG_OPTION_LOSS,,,215.29,,,7.6169,173.2,172.95,173.2,173.075,0.25,0.14444604940054892,0.50224,0.00092,-196.57391,10.54135,16.37481201399415,VALID,16.063598564153224,16.219588951613563,17.71223364217468,16.47958545496026,4.631327273534365,IV_TAILWIND,10:07,169.45,169.9,169.9,0.45000000000001705,SIGNAL_FLIP,4,0.125,0.22500000000000853,-3.3999999999999773,-3.75,0.35000000000002274,-2.0967883733333332,8.2,-85.2,-3.75,-75.0,-2.165,SIGNAL_FLIP,The underlying never moved the expected way and 12C flipped to the other side.,12E-option-audit-v1,9d8fb5671d76d03c
SEN-2026-09-24-1011-bc649b,SENSEX,2026-09-24,10:11,BUY_PE,PE,74200.0,SENSEX 74200 PE,MODERATE,RANGE,-0.0149,ATM,31.6,0.0426,74168.4,74096.09,-0.09749435069382335,-0.041873614461136965,-0.0006606543525260236,-0.023926298911589292,4.938095915753512,100.0,0.0071054519175337135,-0.031657687101239784,-0.04551803733125531,-0.06719842951984473,-3.575297941495122,6.0671722643553725,8.74864572047671,12.946912242686896,-3.3089232438296685,6.333062110116633,9.018171955519392,13.249254136154063,,True,True,True,False,True,True,True,,UNDERLYING_CORRECT_OPTION_PROFITABLE,UNDERLYING_CORRECT_OPTION_PROFITABLE,UNDERLYING_CORRECT_OPTION_PROFITABLE,,197.17,208.93,,0.944,-0.4917,184.6,184.1,184.7,184.35,0.5,0.27122321670735017,-0.5193,0.00092,-178.59665,10.46255,16.54398231179052,VALID,16.218817550577135,16.464626837886325,16.409865223197688,16.530093195049,-4.028847557701464,IV_HEADWIND,10:29,215.2,215.8,215.75,0.6000000000000227,POSITION_SIGNAL,18,0.25,0.30000000000001137,31.150000000000006,30.6,0.5500000000000043,-8.572639200000001,121.9,-29.35,30.6,612.0,16.576,,,12E-option-audit-v1,9d8fb5671d76d03c
SEN-2026-09-24-1041-002562,SENSEX,2026-09-24,10:41,BUY_PE,PE,74200.0,SENSEX 74200 PE,MODERATE,RANGE,0.0133,ITM,78.51,0.1059,74121.49,74140.98,0.026294668388332026,-0.05510881800416727,-0.06525559091431062,-0.02167592243390858,0.689106811555782,54.9,0.002630815975228088,-0.01096847891212745,0.015150801744535794,0.07924827199236102,3.969505783385916,4.915878023133556,0.6046267087276581,-10.068349106203984,4.21163464069492,5.172413793103457,0.8160042116346466,-9.831534614372195,,,,False,True,True,True,False,,,,UNDERLYING_WRONG_OPTION_LOSS,,124.06,218.49,,0.568,4.1264,190.2,189.7,190.0,189.95,0.5,0.2632271650434325,-0.55993,0.001,-167.17561,10.11259,15.421480016127722,VALID,15.76597892683418,15.485695982416892,15.685618212371299,16.34061206781498,2.700069007029636,IV_TAILWIND,10:47,187.15,187.7,187.55,0.549999999999983,SIGNAL_FLIP,6,0.25,0.2749999999999915,-2.5249999999999773,-3.05,0.5250000000000226,-2.67480976,116.3,-34.95,-3.05,-61.0,-1.604,SIGNAL_FLIP,The underlying never moved the expected way and 12C flipped to the other side.,12E-option-audit-v1,9d8fb5671d76d03c
SEN-2026-09-24-1051-7943b1,SENSEX,2026-09-24,10:51,BUY_CE,CE,74200.0,SENSEX 74200 CE,MODERATE,RANGE,0.0792,ATM,19.77,0.0267,74180.23,74187.0,0.009126420880609396,0.027656522974998776,0.045612457838474486,0.06408776043829872,11.377959461761213,100.0,-0.01246962971131257,0.019816600730406322,0.02065240293809683,0.010892390061343496,-0.7640586797066016,4.981662591687045,7.12102689486553,7.915647921760402,-0.5505428964673532,5.199571799969414,7.248814803486768,8.13580058112862,,,True,,False,True,True,True,,,UNDERLYING_CORRECT_OPTION_PROFITABLE,,,,222.69,,,2.6498,163.6,163.35,163.55,163.475,0.25,0.1529285823520416,0.49075,0.00094,-206.547,10.15059,16.644655723065494,VALID,17.008990225147425,16.81897233941268,17.133233142801572,17.67186726983294,1.3792813474318595,IV_TAILWIND,10:57,168.05,168.4,168.35,0.3499999999999943,SIGNAL_FLIP,6,0.125,0.17499999999999716,4.750000000000028,4.45,0.30000000000002824,-3.304752,12.95,-75.6,4.45,89.0,2.72,,,12E-option-audit-v1,9d8fb5671d76d03c
SEN-2026-09-24-1101-805ef4,SENSEX,2026-09-24,11:01,BUY_CE,CE,74200.0,SENSEX 74200 CE,STRONG,RANGE,0.0109,ATM,11.69,0.0158,74188.31,74191.25,0.003962888492812854,0.0003504607547910496,-0.000579602780701717,-0.009757997615767035,0.8270355054898145,100.0,0.003962888492812854,-0.025435274101803025,-0.05376857890414193,-0.03244446463329928,-4.576271186440675,-9.322033898305085,-17.48587570621468,-15.593220338983047,-4.327535002121344,-9.121764955451846,-17.25357092349031,-15.429217932399947,,False,False,False,False,False,False,False,,UNDERLYING_WRONG_OPTION_LOSS,UNDERLYING_WRONG_OPTION_LOSS,UNDERLYING_WRONG_OPTION_LOSS,320.89,,209.18,1.534,,-6.0063,177.0,176.55,176.45,176.775,0.44999999999998863,0.25456088247771946,0.49843,0.00089,-220.6211,10.07192,17.67186726983294,VALID,16.815768141760408,17.08676790245636,16.6226463792366,16.19042193720115,-4.844418051588419,IV_HEADWIND,11:02,168.9,169.35,169.15,0.44999999999998863,SIGNAL_FLIP,1,0.22499999999999432,0.22499999999999432,-7.650000000000006,-8.1,0.44999999999999396,-0.5883229333333333,-8.1,-89.0,-8.1,-162.0,-4.576,SIGNAL_FLIP,The underlying never moved the expected way and 12C flipped to the other side.,12E-option-audit-v1,9d8fb5671d76d03c
SEN-2026-09-24-1104-48c0e5,SENSEX,2026-09-24,11:04,BUY_PE,PE,74200.0,SENSEX 74200 PE,STRONG,RANGE,-0.0344,ATM,30.56,0.0412,74169.44,74169.44,0.0,-0.017847831865862338,-0.025435274101803025,-0.032428716801333905,6.4967360895243935,100.0,0.019563313407779215,0.000701097379195629,0.0,-0.0367941297655856,0.2040221509763884,1.6321772078111239,3.5558146313028236,15.389099387933532,0.4962054874489166,1.9118505545825903,3.7799182720373583,15.73263280793928,,,,True,True,True,True,True,,,,UNDERLYING_CORRECT_OPTION_PROFITABLE,,,225.59,,,3.7799,171.55,171.05,171.05,171.3,0.5,0.29188558085230587,-0.52101,0.001,-178.93729,10.03069,15.898733992156512,VALID,16.612349568632517,16.296063935799985,16.61998992450669,17.34295239123451,4.536562047682559,IV_TAILWIND,11:09,177.65,177.9,177.55,0.25,POSITION_SIGNAL,5,0.25,0.125,6.474999999999994,6.1,0.37499999999999467,-2.3858305333333334,134.95,-12.85,6.1,122.0,3.556,,,12E-option-audit-v1,9d8fb5671d76d03c
SEN-2026-09-24-1110-34c3f5,SENSEX,2026-09-24,11:10,BUY_PE,PE,74200.0,SENSEX 74200 PE,MODERATE,RANGE,-0.0659,ATM,60.83,0.082,74139.17,74172.67,0.045185291391851304,-0.04081195705401588,-0.04151276338831536,-0.06036346136866376,8.65524252105722,100.0,0.03381478373713515,0.0342868688710681,-0.006986859982372361,0.08772690603362318,-3.1233315536572466,-2.936465563267485,8.222103577148946,-15.269620928990935,-2.8869286287089193,-2.6730820636193533,8.473670141673331,-15.03608660785886,False,False,,False,False,False,True,False,UNDERLYING_WRONG_OPTION_LOSS,UNDERLYING_WRONG_OPTION_LOSS,,UNDERLYING_WRONG_OPTION_LOSS,,171.4,218.43,,0.785,6.9475,187.3,186.8,186.85,187.05,0.5,0.2673082063619353,-0.5511,0.00099,-178.37312,9.90863,15.93920259592068,VALID,16.74493573864222,16.895519335492146,17.243322849448322,16.676175261158164,5.899444853251391,IV_TAILWIND,11:17,177.35,177.9,177.4,0.5500000000000114,SIGNAL_FLIP,7,0.25,0.2750000000000057,-9.425000000000011,-9.95,0.5249999999999879,-3.3296315733333337,119.2,-28.6,-9.95,-199.0,-5.312,SIGNAL_FLIP,The underlying never moved the expected way and 12C flipped to the other side.,12E-option-audit-v1,9d8fb5671d76d03c
SEN-2026-09-24-1119-8ebb69,SENSEX,2026-09-24,11:19,BUY_CE,CE,74200.0,SENSEX 74200 CE,MODERATE,RANGE,0.046,ATM,-3.58,0.0048,74203.58,74181.23,-0.03011984057912815,0.0199221445824691,0.06634807006679455,0.08285435477661166,22.050326188257213,100.0,0.0008490156404915457,-0.009096596148056468,-0.05191124201824773,-0.058528173438542413,2.837095790115928,-6.1012812690665035,-14.91763270286761,-13.361805979255648,3.1001832620647636,-5.910201588271218,-14.691508857666472,-13.149053145998765,,,False,False,True,False,False,False,,,UNDERLYING_WRONG_OPTION_LOSS,UNDERLYING_WRONG_OPTION_LOSS,283.01,224.66,233.45,1.212,0.962,-2.5726,163.9,163.5,163.45,163.7,0.4000000000000057,0.24434941967013177,0.51502,0.00102,-201.04767,9.91727,15.769309893331645,VALID,16.306227228606758,15.398899538224217,15.433865307200415,16.024907623520583,0.33591914324168554,IV_NEUTRAL,11:23,150.35,150.65,150.75,0.30000000000001137,POSITION_SIGNAL,4,0.20000000000000284,0.15000000000000568,-13.199999999999989,-13.55,0.3500000000000121,-2.14450848,4.65,-75.9,-13.55,-271.0,-8.267,UNDERLYING_DID_NOT_CONTINUE,The underlying did not move up at any measured horizon (move to exit -0.03%).,12E-option-audit-v1,9d8fb5671d76d03c
SEN-2026-09-24-1124-a9f2bf,SENSEX,2026-09-24,11:24,BUY_PE,PE,74200.0,SENSEX 74200 PE,MODERATE,RANGE,0.0309,ATM,34.94,0.0471,74165.06,74160.15,-0.006620368135620052,-0.021797966952015024,-0.00043146815941209345,-0.05191124201824773,12.815773259396169,55.0,-0.03520525703073736,-0.011744074635673256,-0.006620368135620052,-0.048580827683546456,4.145077720207251,3.2997000272702546,-0.02727024815924895,8.044723206981184,4.437465865647187,3.522665210267623,0.2321135991261668,8.328782086291644,True,,,True,True,True,False,True,UNDERLYING_CORRECT_OPTION_PROFITABLE,,,UNDERLYING_CORRECT_OPTION_PROFITABLE,,,212.22,,,-1.1729,183.35,182.85,182.85,183.1,0.5,0.2730748225013654,-0.52394,0.00094,-196.86528,9.85907,17.125831797308443,VALID,16.547294458679477,17.41218046561201,16.962673850859083,16.677786218920847,-0.9527008578643301,IV_NEUTRAL,11:29,183.3,183.75,183.15,0.44999999999998863,POSITION_SIGNAL,5,0.25,0.22499999999999432,0.42500000000001137,-0.05,0.47500000000001136,-2.6248704000000003,123.15,-0.05,-0.05,-1.0,-0.027,SPREAD_FRICTION,Mid-to-mid the trade was +0.43/unit; the ASK-to-BID round trip cost 0.48/unit and turned it negative.,12E-option-audit-v1,9d8fb5671d76d03c
SEN-2026-09-24-1131-3a6c4a,SENSEX,2026-09-24,11:31,BUY_PE,PE,74100.0,SENSEX 74100 PE,MODERATE,RANGE,-0.0467,ATM,-30.71,0.0414,74130.71,74102.1,-0.038593991612923415,-0.03857910239737983,-0.023089010157135204,-0.014984795355712312,-2.4583263175619017,84.9,-0.012855670746999979,-0.0022662672460678802,-0.01808966891050078,-0.01092664565064306,0.793103448275866,1.2413793103448354,3.793103448275862,0.793103448275866,0.9839461418953989,1.467288106335232,4.056620058691524,0.9666839288797059,,,,,True,True,True,True,,,,,,,236.02,,,-0.2128,145.0,144.65,144.65,144.825,0.3499999999999943,0.24167098221991667,-0.46109,0.00097,-192.9173,9.76635,16.650426160405434,VALID,16.529295667425288,16.868662621875306,16.8555926107435,16.15719846391006,-4.914770865309902,IV_HEADWIND,11:38,144.65,145.05,145.05,0.4000000000000057,POSITION_SIGNAL,7,0.17499999999999716,0.20000000000000284,0.025000000000034106,-0.35,0.3750000000000341,-3.601122933333334,92.7,-3.5,-0.35,-7.0,-0.241,SPREAD_FRICTION,Mid-to-mid the trade was +0.03/unit; the ASK-to-BID round trip cost 0.38/unit and turned it negative.,12E-option-audit-v1,9d8fb5671d76d03c
SEN-2026-09-24-1139-0f9910,SENSEX,2026-09-24,11:39,BUY_PE,PE,74100.0,SENSEX 74100 PE,STRONG,RANGE,-0.0929,ATM,8.72,0.0118,74091.28,74101.35,0.013591343002856726,-0.014601475531741993,-0.035106513593997725,-0.050924718696575416,6.294658046954747,100.0,0.024996193884090107,0.013591343002856726,0.02940966872216022,0.030678374027275444,-4.411764705882357,-4.827365728900263,-4.0281329923273725,-5.59462915601023,-4.177336747759268,-4.625480153649164,-3.8252240717029413,-5.393725992317531,False,,False,False,False,False,False,False,UNDERLYING_WRONG_OPTION_LOSS,,UNDERLYING_WRONG_OPTION_LOSS,UNDERLYING_WRONG_OPTION_LOSS,,,236.65,,,3.1345,156.4,156.0,156.0,156.2,0.4000000000000057,0.25608194622279495,-0.4989,0.00102,-186.67014,9.73991,16.01887023057214,VALID,16.311948972343124,15.890802324815148,16.53877946220785,16.382605586110067,-0.7994815109530886,IV_NEUTRAL,11:42,148.85,149.1,149.15,0.25,POSITION_SIGNAL,3,0.20000000000000284,0.125,-7.224999999999994,-7.55,0.3250000000000055,-1.49336112,81.3,-14.9,-7.55,-151.0,-4.827,UNDERLYING_DID_NOT_CONTINUE,The underlying did not move down at any measured horizon (move to exit +0.01%).,12E-option-audit-v1,9d8fb5671d76d03c
SEN-2026-09-24-1144-4536fd,SENSEX,2026-09-24,11:44,BUY_PE,PE,74100.0,SENSEX 74100 PE,MODERATE,RANGE,-0.0215,ATM,-13.07,0.0176,74113.07,74123.0,0.013398446454846648,0.001308828113089717,-0.012870566754184177,0.02940966872216022,-3.8252240717029413,47.4,0.016177983181631373,0.022425194368544364,0.0012683322927896205,-0.05294612677629632,-2.427668772863323,-5.88626538077818,-1.795809777186557,7.050216162287991,-2.2632717590281284,-5.674821101680816,-1.630887002829082,7.2890664003994114,,False,,True,False,False,False,True,,UNDERLYING_WRONG_OPTION_LOSS,,UNDERLYING_CORRECT_OPTION_PROFITABLE,,137.67,235.84,,0.584,-1.3318,150.35,150.1,150.1,150.225,0.25,0.16641704110500916,-0.47805,0.00099,-194.12599,9.68529,16.53877946220785,VALID,16.76408514446964,16.52974571311871,16.382605586110067,15.812462948102635,-1.4954423462401463,IV_HEADWIND,11:46,143.25,143.6,143.65,0.3499999999999943,POSITION_SIGNAL,2,0.125,0.17499999999999716,-6.799999999999983,-7.1,0.3000000000000167,-1.0353386133333333,87.35,-8.85,-7.1,-142.0,-4.722,IV_HEADWIND,The underlying moved as expected but IV fell -1.50% over the hold.,12E-option-audit-v1,9d8fb5671d76d03c
SEN-2026-09-24-1147-5433ea,SENSEX,2026-09-24,11:47,BUY_CE,CE,74100.0,SENSEX 74100 CE,MODERATE,RANGE,0.0147,ATM,-29.69,0.0401,74129.69,74112.6,-0.023054190567904042,0.009025538631736881,0.022425194368544364,0.03824491726533526,2.0356591323880386,100.0,-0.026413168596822332,-0.023054190567904042,-0.048806355456238334,-0.10245557481758939,-4.561692772739755,-4.424292388018677,-7.584501236603454,-17.61472932124209,-4.334067143643368,-4.251513483764429,-7.4023115024766035,-17.432581177765538,False,False,False,False,False,False,False,False,UNDERLYING_WRONG_OPTION_LOSS,UNDERLYING_WRONG_OPTION_LOSS,UNDERLYING_WRONG_OPTION_LOSS,UNDERLYING_WRONG_OPTION_LOSS,,170.15,219.46,,0.775,3.3085,181.95,181.45,181.9,181.7,0.5,0.27517886626307103,0.53791,0.00098,-217.78133,9.63266,16.786961562399984,VALID,16.750902827939374,16.938001242344043,17.39257051808237,17.543819787139476,0.899744003002682,IV_NEUTRAL,11:50,173.9,174.05,173.85,0.15000000000000568,SIGNAL_FLIP,3,0.25,0.07500000000000284,-7.724999999999966,-8.05,0.3250000000000348,-1.74225064,-6.15,-60.9,-8.05,-161.0,-4.424,SIGNAL_FLIP,The underlying never moved the expected way and 12C flipped to the other side.,12E-option-audit-v1,9d8fb5671d76d03c
SEN-2026-09-24-1156-0f986d,SENSEX,2026-09-24,11:56,BUY_PE,PE,74100.0,SENSEX 74100 PE,STRONG,RANGE,-0.0799,ATM,36.19,0.0489,74063.81,74060.77,-0.004104568749560139,-0.017967761165657726,-0.025997842692006837,-0.04585831777168513,11.927201819954478,100.0,-0.01359638398293638,-0.012637751149988883,-0.004104568749560139,0.05449355089888109,1.1604293588627792,0.6382361473745253,-5.599071656512914,-13.141862489120978,1.3792102206736354,0.8275261324041879,-5.415214866434372,-12.979094076655052,,,,False,True,True,False,False,,,,UNDERLYING_WRONG_OPTION_LOSS,,238.18,226.78,,1.05,-6.3461,172.35,172.05,172.0,172.2,0.29999999999998295,0.17421602787455456,-0.52728,0.00101,-193.61766,9.56775,16.426165935881034,VALID,16.154858151316095,16.130153994839418,15.195464494772592,16.370845511448152,-7.492323198928114,IV_HEADWIND,12:01,162.7,163.05,163.0,0.35000000000002274,POSITION_SIGNAL,5,0.14999999999999147,0.17500000000001137,-9.324999999999989,-9.65,0.3250000000000117,-2.5815688000000003,65.35,-22.65,-9.65,-193.0,-5.599,UNDERLYING_DID_NOT_CONTINUE,The underlying did not move down at any measured horizon (move to exit -0.00%).,12E-option-audit-v1,9d8fb5671d76d03c
SEN-2026-09-24-1205-e826df,SENSEX,2026-09-24,12:05,BUY_PE,PE,74100.0,SENSEX 74100 PE,MODERATE,RANGE,0.0311,ATM,-0.14,0.0002,74100.14,74070.1,-0.04053973447282771,0.03111623310257316,0.027321851136415196,0.06931914233328226,-8.709490740740748,30.2,0.005438586215894918,-0.009433180558100482,-0.021335992077744618,-0.03469629072226639,-5.193160227992411,-1.5199493350221696,-1.5199493350221696,2.438252058264721,-5.007923930269417,-1.2995245641838424,-1.2995245641838424,2.678288431061803,,,True,True,False,False,False,True,,,UNDERLYING_CORRECT_OPTION_LOSS,UNDERLYING_CORRECT_OPTION_PROFITABLE,,,230.73,,,-6.2224,157.9,157.6,157.4,157.75,0.30000000000001137,0.1901743264659343,-0.4912,0.00099,-203.12877,9.51423,16.94816313583577,VALID,16.370845511448152,16.475642418610324,16.117859434933802,16.184463523560954,-11.468364410675669,IV_HEADWIND,12:20,154.15,154.5,154.25,0.3499999999999943,POSITION_SIGNAL,15,0.15000000000000568,0.17499999999999716,-3.4250000000000114,-3.75,0.32499999999998863,-8.1251508,79.8,-8.2,-3.75,-75.0,-2.375,IV_HEADWIND,The underlying moved as expected but IV fell -11.47% over the hold.,12E-option-audit-v1,9d8fb5671d76d03c
SEN-2026-09-24-1222-547971,SENSEX,2026-09-24,12:22,BUY_PE,PE,74100.0,SENSEX 74100 PE,STRONG,RANGE,-0.0401,ATM,40.14,0.0542,74059.86,74019.67,-0.05426691327799206,-0.005684267688781351,0.014031160520121776,0.00829127827744429,0.5311077389984825,100.0,-0.027423762345753385,-0.02333247726906159,-0.08171768080577532,-0.07196881009497305,7.687669580946639,5.275851673198673,13.656918902622856,17.063611697316862,7.909433962264148,5.509433962264151,13.962264150943396,17.34339622641511,True,True,True,True,True,True,True,True,UNDERLYING_CORRECT_OPTION_PROFITABLE,UNDERLYING_CORRECT_OPTION_PROFITABLE,UNDERLYING_CORRECT_OPTION_PROFITABLE,UNDERLYING_CORRECT_OPTION_PROFITABLE,170.86,240.98,239.19,0.714,1.008,-5.5839,165.85,165.4,165.7,165.625,0.44999999999998863,0.2716981132075403,-0.53492,0.00107,-190.67241,9.32581,15.841558125369618,VALID,16.18735258524605,15.916748595904675,14.778277509254265,15.908599252113746,-5.89168822848308,IV_HEADWIND,12:30,178.05,178.4,178.05,0.3499999999999943,POSITION_SIGNAL,8,0.22499999999999432,0.17499999999999716,12.600000000000023,12.2,0.40000000000002345,-4.06767808,71.85,6.0,12.2,244.0,7.356,,,12E-option-audit-v1,9d8fb5671d76d03c
SEN-2026-09-24-1232-9b0d48,SENSEX,2026-09-24,12:32,BUY_PE,PE,74000.0,SENSEX 74000 PE,STRONG,RANGE,-0.072,ATM,-6.56,0.0089,74006.56,73997.2,-0.012647527462431144,-0.028192252520444577,-0.03097414287199272,0.009756843777256885,4.089686098654701,100.0,-0.020403596654122648,-0.063494371309774,-0.03996942973704189,-0.012971823038378311,4.2369962108164,28.074405787116774,8.680675163623834,7.268343093351694,4.411511287265232,28.295709115974503,8.857487506462192,7.444425297260046,True,True,True,,True,True,True,True,UNDERLYING_CORRECT_OPTION_PROFITABLE,UNDERLYING_CORRECT_OPTION_PROFITABLE,UNDERLYING_CORRECT_OPTION_PROFITABLE,,,,248.56,,,-1.0773,145.15,145.0,145.0,145.075,0.15000000000000568,0.10339479579528223,-0.48725,0.00106,-199.27673,9.26095,16.24224972629689,VALID,16.316959737836616,18.2714402215682,16.235683859934642,17.06910906542204,2.1750046590231613,IV_TAILWIND,12:38,152.8,152.95,152.9,0.14999999999997726,POSITION_SIGNAL,6,0.07500000000000284,0.07499999999998863,7.800000000000011,7.65,0.150000000000011,-3.1884276799999998,40.75,4.3,7.65,153.0,5.27,,,12E-option-audit-v1,9d8fb5671d76d03c
SEN-2026-09-24-1242-4a2aa5,SENSEX,2026-09-24,12:42,BUY_PE,PE,74000.0,SENSEX 74000 PE,STRONG,RANGE,-0.013,ATM,3.04,0.0041,73996.96,73995.9,-0.0014324912807394026,-0.005256696375784086,0.003175907001882733,0.02700840180284526,-1.2980845337976958,26.3,-0.008878743126754105,-0.035906880498883985,-0.0256632164348444,,2.7555270746555482,5.126561999359179,4.613905799423254,,2.9831595829991833,5.40497193263834,4.843624699278275,,,True,True,,True,True,True,,,UNDERLYING_CORRECT_OPTION_PROFITABLE,UNDERLYING_CORRECT_OPTION_PROFITABLE,,,,236.42,,,-1.2238,156.05,155.7,156.15,155.875,0.35000000000002274,0.22453889334404023,-0.49803,0.00102,-211.94302,9.17433,17.06910906542204,VALID,17.41489062273508,16.727337574236838,17.008818808172734,,1.8041861364277934,IV_TAILWIND,12:51,156.2,156.5,156.55,0.30000000000001137,SIGNAL_FLIP,9,0.17500000000001137,0.15000000000000568,0.4749999999999943,0.15,0.3249999999999943,-5.08663248,12.25,0.15,0.15,3.0,0.096,,,12E-option-audit-v1,9d8fb5671d76d03c
