date,time,symbol,direction,event_type,strength,mode,window,expiry_day,passed_gates,reasons,first_gate,all_gates,traded_lots,traded_units,category,timing,cf_pnl,cf_exit_reason,mfe,mae,t_mfe,spread,detect_after_start_s,remaining_at_entry,fut_r30,fut_accel,displacement,ce_ret30,pe_ret30,ce_acc,pe_acc,sel_spread,sel_volume30,sel_oi_change30,option_response,response_latency_s,risk_blocked
2026-09-17,14:55:35,NIFTY,UP,MOMENTUM_EVENT,WEAK,PRE,PRE 14:55-15:00,False,False,TIME_WINDOW_CLOSED;WEAK_MOMENTUM;OPTION_NOT_RESPONDING,WINDOW,WINDOW;CONFIRMATION;OPTION_RESPONSE,False,False,GENUINELY_BAD_SIGNAL,DETECTED_EARLY,-0.17086715079026302,EVENT_INVALIDATED,-0.17086715079026302,-7.2191371208885124,5.0,0.2138,35.0,0.5913978494621805,9.30000000000291,8.5,9.30000000000291,-1.4474244359301855,1.377702416278084,0.20768931553398873,0.313462547202602,0.1728,249405.0,0.0,-1.4474244359301855,,False
2026-09-17,14:56:50,NIFTY,DOWN,MOMENTUM_EVENT,WEAK,PRE,PRE 14:55-15:00,False,False,TIME_WINDOW_CLOSED;WEAK_MOMENTUM,WINDOW,WINDOW;CONFIRMATION,False,False,GENUINELY_BAD_SIGNAL,DETECTED_LATE,-0.34877927254608304,TIME_EXIT,4.434479322371702,-2.4912805181863478,200.0,0.0498,35.0,0.43902439024390244,-10.5,2.3000000000029104,-10.5,-0.3051438535309577,0.9730848861283621,-2.8998419884545106,2.5186013592112992,0.2978,186680.0,-7800.0,1.6649848637739713,25,False
2026-09-17,14:59:10,NIFTY,UP,MOMENTUM_EVENT,WEAK,PRE,PRE 14:55-15:00,False,False,TIME_WINDOW_CLOSED;WEAK_MOMENTUM;OPTION_NOT_RESPONDING,WINDOW,WINDOW;CONFIRMATION;OPTION_RESPONSE,False,False,GENUINELY_BAD_SIGNAL,DETECTED_EARLY,-0.26821636119803055,UNDERLYING_INVALIDATION,3.665623603039793,-2.9056772463120253,230.0,0.2238,35.0,0.9857142857142337,9.0,7.0,9.0,-0.11032656663724626,-0.02035002035001341,-0.4188326063787227,0.5093982547563334,0.3093,177970.0,-41795.0,-0.11032656663724626,5,False
2026-09-17,15:00:55,NIFTY,UP,MOMENTUM_EVENT,STRONG,MODE_A,15:00-15:03,False,True,RISK_TOO_LARGE,RISK,RISK,False,True,GENUINELY_BAD_SIGNAL,DETECTED_EARLY,-1.2291483757682227,EVENT_INVALIDATED,1.7998244073748875,-2.0632133450395154,125.0,0.1318,35.0,0.7727272727272727,13.400000000001455,5.400000000001455,13.400000000001455,4.105839416058394,-4.086490775639758,0.1412294452881231,-1.347254664237665,0.2629,369655.0,7345.0,4.105839416058394,5,True
2026-09-17,15:01:35,SENSEX,UP,MOMENTUM_EVENT,WEAK,MODE_A,15:00-15:03,True,False,WEAK_MOMENTUM,CONFIRMATION,CONFIRMATION,False,False,NO_FOLLOW_THROUGH,NO_FOLLOW_THROUGH,-9.850993377483437,STOP_LOSS,-3.2698675496688763,-24.62748344370861,5.0,0.2072,35.0,0.0,32.35000000000582,32.35000000000582,32.35000000000582,5.178967374089333,-6.9542397900607,-0.7450453014310798,3.782534363891478,0.2086,655380.0,0.0,5.875855975259559,5,False
2026-09-17,15:02:35,NIFTY,UP,MOMENTUM_EVENT,WEAK,MODE_A,15:00-15:03,False,False,WEAK_MOMENTUM,CONFIRMATION,CONFIRMATION,False,False,GENUINELY_BAD_SIGNAL,DETECTED_EARLY,-0.6090808416389781,FUTURES_DIVERGENCE,2.048726467331128,-3.2115171650055276,265.0,0.2772,35.0,0.6604477611940749,8.899999999997817,4.899999999997817,8.899999999997817,1.3759431868619592,-1.3718263718263697,0.9295351498661143,-1.0869393635438358,0.2786,66040.0,0.0,2.1633931113008726,10,False
2026-09-17,15:05:15,NIFTY,UP,MOMENTUM_EVENT,WEAK,MODE_A,15:03-15:06,False,False,WEAK_MOMENTUM;OPTION_NOT_RESPONDING;NO_CONFIRMATION,CONFIRMATION,CONFIRMATION;OPTION_RESPONSE,False,False,PROFITABLE_OPPORTUNITY,DETECTED_EARLY,0.07005253940454943,EVENT_INVALIDATED,2.3817863397548202,-0.8406304728546331,105.0,0.1753,35.0,0.8826530612245183,12.5,6.30000000000291,12.5,-0.17559262510974788,-0.7963118189438414,3.7220291716414007,-4.231588661286278,0.2458,87165.0,0.0,0.3701092703560139,35,False
2026-09-17,15:05:20,NIFTY,UP,MOMENTUM_EVENT,STRONG,MODE_A,15:03-15:06,False,True,RISK_TOO_LARGE,RISK,RISK,False,True,GENUINELY_BAD_SIGNAL,DETECTED_EARLY,-0.8732099196646874,FUTURES_DIVERGENCE,2.165560600768421,-1.117708697170796,300.0,0.2098,35.0,0.7487437185929832,12.900000000001455,12.900000000001455,12.900000000001455,0.9034817100043996,-1.8781302170283807,3.9369362174547886,-3.56612441523514,0.2086,96980.0,0.0,2.003901400957629,30,True
2026-09-17,15:07:10,NIFTY,UP,MOMENTUM_EVENT,WEAK,MODE_A,15:06-15:09,False,False,WEAK_MOMENTUM,CONFIRMATION,CONFIRMATION,False,False,GENUINELY_BAD_SIGNAL,DETECTED_EARLY,-0.543773790103317,FUTURES_DIVERGENCE,0.7612833061446469,-3.371397498640575,195.0,0.2177,35.0,0.6642335766421943,8.700000000000728,6.700000000000728,8.700000000000728,1.9326818675352828,-2.4083315252766253,0.9266448760647688,-0.9021815552032446,0.1085,143325.0,-37050.0,2.2739877981142507,25,False
2026-09-17,15:07:45,NIFTY,UP,CONTINUATION_EVENT,STRONG,MODE_A,15:06-15:09,False,True,RISK_TOO_LARGE,RISK,RISK,False,True,PROFITABLE_OPPORTUNITY,DETECTED_EARLY,0.34828036569438897,EVENT_INVALIDATED,2.82977797126687,-1.0883761427949499,290.0,0.2616,185.0,0.5357142857143254,5.0,5.0,19.599999999998545,-0.2564650566360309,1.661865721249723,0.08534193670831262,-0.07330901512014454,0.1286,208650.0,-37830.0,2.4363476733977096,,True
2026-09-17,15:08:45,NIFTY,DOWN,MOMENTUM_EVENT,WEAK,MODE_A,15:06-15:09,False,False,WEAK_MOMENTUM;OPTION_NOT_RESPONDING;NO_CONFIRMATION,CONFIRMATION,CONFIRMATION;OPTION_RESPONSE,False,False,GENUINELY_BAD_SIGNAL,DETECTED_EARLY,-0.17346053772766942,FUTURES_DIVERGENCE,4.163052905464005,-3.0789245446660862,190.0,0.2171,35.0,0.8055555555555766,-9.599999999998545,6.0,-9.599999999998545,0.5007620291748337,-0.06501950585174568,0.5880881966785965,-0.15166522804907162,0.2169,168675.0,-30095.0,-0.06501950585174568,5,False
2026-09-17,15:09:45,NIFTY,UP,MOMENTUM_EVENT,WEAK,MODE_A,15:09-15:12,False,False,WEAK_MOMENTUM;OPTION_NOT_RESPONDING,CONFIRMATION,CONFIRMATION;OPTION_RESPONSE,False,False,GENUINELY_BAD_SIGNAL,DETECTED_LATE,-0.259403372243849,UNDERLYING_INVALIDATION,7.133592736705577,-1.037613488975359,285.0,0.1731,35.0,0.3622047244093135,9.600000000002183,-5.799999999999272,9.600000000002183,-1.2614924096643099,1.8336607727570349,2.2538047068014873,-2.78328866175616,0.2599,139295.0,0.0,-1.2614924096643099,,False
2026-09-17,15:10:50,NIFTY,UP,MOMENTUM_EVENT,STRONG,MODE_A,15:09-15:12,False,False,OPTION_NOT_RESPONDING,OPTION_RESPONSE,OPTION_RESPONSE,False,False,GENUINELY_BAD_SIGNAL,DETECTED_EARLY,0.0,UNDERLYING_INVALIDATION,6.16966580976864,-1.9280205655526992,220.0,0.0857,35.0,0.9840425531915274,13.399999999997817,8.999999999996362,13.399999999997817,0.644468313641246,0.21385799828913601,-1.6270908488602303,2.2365000579343315,0.1281,244790.0,-73710.0,0.644468313641246,10,False
2026-09-17,15:12:10,NIFTY,DOWN,MOMENTUM_EVENT,WEAK,MODE_A,15:12-15:15,False,False,WEAK_MOMENTUM;NO_CONFIRMATION,CONFIRMATION,CONFIRMATION,False,False,NO_FOLLOW_THROUGH,NO_FOLLOW_THROUGH,-2.0557491289198526,MOMENTUM_FAILURE,-1.289198606271773,-10.487804878048788,5.0,0.2093,35.0,0.0,-12.700000000000728,12.700000000000728,-12.700000000000728,-0.8607703894986012,0.6549757025142543,1.2501810042127666,-1.2857726247664114,0.277,70135.0,-25545.0,1.1558669001751354,10,False
2026-09-17,15:13:25,NIFTY,UP,MOMENTUM_EVENT,STRONG,MODE_A,15:12-15:15,False,True,RISK_TOO_LARGE,RISK,RISK,False,True,GENUINELY_BAD_SIGNAL,DETECTED_EARLY,-0.706273369339422,EVENT_INVALIDATED,2.949729954299968,-1.2463647694225177,65.0,0.2079,35.0,0.7134831460674858,12.799999999999272,11.200000000000728,12.799999999999272,2.3591923485653608,-3.4304207119741053,2.1442608599515856,-1.9405281178181086,0.2492,294775.0,0.0,2.3591923485653608,25,True
2026-09-17,15:14:25,NIFTY,DOWN,REVERSAL_EVENT,WEAK,MODE_A,15:12-15:15,False,False,WEAK_MOMENTUM;OPTION_NOT_RESPONDING,CONFIRMATION,CONFIRMATION;OPTION_RESPONSE,False,False,GENUINELY_BAD_SIGNAL,DETECTED_EARLY,-1.0036496350364912,EVENT_INVALIDATED,3.0109489051094998,-3.740875912408754,30.0,0.2741,35.0,0.7238095238093852,-8.799999999999272,3.2000000000007276,-8.799999999999272,1.1727748691099524,-1.4968082764692958,1.0043241099531361,-2.542736773938498,0.0447,273195.0,0.0,-1.4968082764692958,10,False
2026-09-17,15:15:40,NIFTY,UP,MOMENTUM_EVENT,STRONG,MODE_B,MODE B 15:15-15:30 (research only),False,False,MODE_B_RESEARCH_ONLY;OPTION_NOT_RESPONDING,WINDOW,WINDOW;OPTION_RESPONSE,False,False,GENUINELY_BAD_SIGNAL,DETECTED_EARLY,-0.2642706131078224,EVENT_INVALIDATED,2.7484143763213624,-1.5856236786469347,220.0,0.2116,35.0,0.6068965517240877,14.400000000001455,-14.599999999998545,14.400000000001455,0.2506265664160377,-1.893095768374165,0.2088074993637201,-0.9200491293693587,0.2657,101140.0,0.0,0.48064085447263327,75,False
2026-09-17,15:16:30,SENSEX,UP,MOMENTUM_EVENT,WEAK,MODE_B,MODE B 15:15-15:30 (research only),True,False,EXPIRY_DAY_CLOSE_VETO;MODE_B_RESEARCH_ONLY;WEAK_MOMENTUM,WINDOW,WINDOW;CONFIRMATION,False,False,GENUINELY_BAD_SIGNAL,DETECTED_LATE,-2.237591537835639,EXPIRY_ZONE_EXIT,7.16029292107403,-56.2245728234337,170.0,0.326,35.0,0.33364398881633034,33.64999999999418,-31.64999999999418,33.64999999999418,10.63964534515515,-10.514655760054522,17.90804995673091,-12.026651708105227,0.1206,1096160.0,0.0,9.722222222222214,25,False
2026-09-17,15:17:40,NIFTY,DOWN,MOMENTUM_EVENT,WEAK,MODE_B,MODE B 15:15-15:30 (research only),False,False,MODE_B_RESEARCH_ONLY;WEAK_MOMENTUM,WINDOW,WINDOW;CONFIRMATION,False,False,GENUINELY_BAD_SIGNAL,DETECTED_LATE,-0.09045680687471218,EVENT_INVALIDATED,1.492537313432841,-2.5780189959294386,135.0,0.2717,35.0,0.05042016806740415,-8.200000000000728,7.999999999996362,-8.200000000000728,-0.6134969325153374,1.913652275379227,2.2200037413005127,-3.2041821152975656,0.1374,259220.0,0.0,1.913652275379227,10,False
2026-09-17,15:18:35,SENSEX,DOWN,MOMENTUM_EVENT,WEAK,MODE_B,MODE B 15:15-15:30 (research only),True,False,EXPIRY_DAY_CLOSE_VETO;MODE_B_RESEARCH_ONLY;WEAK_MOMENTUM;OPTION_NOT_RESPONDING,WINDOW,WINDOW;CONFIRMATION;OPTION_RESPONSE,False,False,PROFITABLE_BUT_LATE,DETECTED_LATE,1.1426465167710893,EXPIRY_ZONE_EXIT,4.128271286398816,-64.87283450055288,15.0,0.2584,35.0,0.11111111111103036,-35.60000000000582,-35.60000000000582,-35.60000000000582,-2.914663461538458,-2.523826332509719,-11.268167316554397,6.9724477389496755,0.2535,836080.0,-106200.0,-2.523826332509719,,False
2026-09-17,15:18:45,NIFTY,UP,MOMENTUM_EVENT,WEAK,MODE_B,MODE B 15:15-15:30 (research only),False,False,MODE_B_RESEARCH_ONLY;WEAK_MOMENTUM;OPTION_NOT_RESPONDING;NO_CONFIRMATION,WINDOW,WINDOW;CONFIRMATION;OPTION_RESPONSE,False,False,GENUINELY_BAD_SIGNAL,DETECTED_EARLY,-0.4536082474226781,EVENT_INVALIDATED,1.525773195876284,-4.4123711340206135,35.0,0.0412,35.0,0.8285714285714979,10.5,6.69999999999709,10.5,0.768431983385252,-0.09035464196972606,2.4853557322655977,-2.424889425758315,0.0824,193765.0,0.0,0.768431983385252,50,False
2026-09-17,15:19:55,NIFTY,UP,MOMENTUM_EVENT,WEAK,MODE_B,MODE B 15:15-15:30 (research only),False,False,MODE_B_RESEARCH_ONLY;WEAK_MOMENTUM;OPTION_NOT_RESPONDING;NO_CONFIRMATION,WINDOW,WINDOW;CONFIRMATION;OPTION_RESPONSE,False,False,PROFITABLE_OPPORTUNITY,DETECTED_EARLY,0.2504173622704484,EVENT_INVALIDATED,1.6277128547579325,-3.255425709515853,10.0,0.1253,35.0,0.9888888888890506,9.0,7.0,9.0,-0.5130309870716191,0.2710027100270977,-1.7780833831857596,2.042754706426093,0.2475,347230.0,-81185.0,-0.5130309870716191,5,False
2026-09-17,15:22:20,SENSEX,UP,MOMENTUM_EVENT,WEAK,MODE_B,MODE B 15:15-15:30 (research only),True,False,EXPIRY_DAY_CLOSE_VETO;MODE_B_RESEARCH_ONLY;WEAK_MOMENTUM;OPTION_NOT_RESPONDING,WINDOW,WINDOW;CONFIRMATION;OPTION_RESPONSE,False,False,NO_FOLLOW_THROUGH,NO_FOLLOW_THROUGH,-13.163972286374126,EXPIRY_ZONE_EXIT,80.715935334873,-62.586605080831404,135.0,0.405,35.0,0.0,35.39999999999418,32.10000000000582,35.39999999999418,-23.737854829491326,-3.411710465652377,19.652675802864554,-0.30599365338498496,0.3497,1732880.0,0.0,-23.737854829491326,,False
2026-09-17,15:23:50,NIFTY,UP,MOMENTUM_EVENT,WEAK,MODE_B,MODE B 15:15-15:30 (research only),False,False,MODE_B_RESEARCH_ONLY;WEAK_MOMENTUM;OPTION_NOT_RESPONDING,WINDOW,WINDOW;CONFIRMATION;OPTION_RESPONSE,False,False,PROFITABLE_OPPORTUNITY,DETECTED_EARLY,0.04215851602024567,EVENT_INVALIDATED,1.8128161888701568,-2.1079258010118047,50.0,0.2533,35.0,1.010526315789512,8.299999999999272,7.299999999999272,8.299999999999272,-0.5504975651069284,1.6853932584269662,2.856879799063231,-2.352868385883285,0.2129,281515.0,-151515.0,-0.5504975651069284,60,False
2026-09-17,15:24:15,SENSEX,DOWN,MOMENTUM_EVENT,WEAK,MODE_B,MODE B 15:15-15:30 (research only),True,False,EXPIRY_DAY_CLOSE_VETO;MODE_B_RESEARCH_ONLY;WEAK_MOMENTUM;OPTION_NOT_RESPONDING,WINDOW,WINDOW;CONFIRMATION;OPTION_RESPONSE,False,False,NO_FOLLOW_THROUGH,NO_FOLLOW_THROUGH,-12.693498452012394,EXPIRY_ZONE_EXIT,76.57378740970071,-91.95046439628484,240.0,1.5601,35.0,0.0,-43.19999999999709,-32.80000000000291,-43.19999999999709,-2.8071234530636917,-15.258855585831071,2.868373124521856,-10.217738734242646,0.3573,1633160.0,0.0,-15.258855585831071,5,False
2026-09-17,15:24:50,NIFTY,UP,MOMENTUM_EVENT,WEAK,MODE_B,MODE B 15:15-15:30 (research only),False,False,MODE_B_RESEARCH_ONLY;WEAK_MOMENTUM,WINDOW,WINDOW;CONFIRMATION,False,False,GENUINELY_BAD_SIGNAL,DETECTED_EARLY,-0.4170141784820684,FUTURES_DIVERGENCE,0.6255212677231026,-3.5446205170975813,25.0,0.1669,35.0,0.7085714285715117,10.099999999998545,-6.5,10.099999999998545,1.2568077084206117,-3.1795790416480174,0.961927129687938,-0.6515649045427374,0.1655,223145.0,-24115.0,1.2568077084206117,30,False
2026-09-17,15:25:15,SENSEX,UP,MOMENTUM_EVENT,WEAK,MODE_B,MODE B 15:15-15:30 (research only),True,False,EXPIRY_DAY_CLOSE_VETO;MODE_B_RESEARCH_ONLY;WEAK_MOMENTUM;OPTION_NOT_RESPONDING,WINDOW,WINDOW;CONFIRMATION;OPTION_RESPONSE,False,False,GENUINELY_BAD_SIGNAL,DETECTED_LATE,-13.561190738699006,EXPIRY_ZONE_EXIT,7.938257993384788,-99.88974641675856,10.0,0.7748,35.0,0.23934426229501835,44.25,44.25,44.25,-8.094327597195676,-11.79554390563565,25.5157395112967,-8.813412610185102,0.1956,4149600.0,0.0,-11.842483472262142,,False
2026-09-17,15:25:30,SENSEX,UP,MOMENTUM_EVENT,STRONG,MODE_B,MODE B 15:15-15:30 (research only),True,False,EXPIRY_DAY_CLOSE_VETO;MODE_B_RESEARCH_ONLY;OPTION_NOT_RESPONDING;NO_CONFIRMATION,WINDOW,WINDOW;CONFIRMATION;OPTION_RESPONSE,False,False,NO_FOLLOW_THROUGH,NO_FOLLOW_THROUGH,4.932058379466539,EXPIRY_ZONE_EXIT,30.44791142425768,-99.89934574735783,75.0,0.5045,35.0,0.0,45.75,-42.75,45.75,-27.899032074397418,21.837549933422114,-43.60710356996106,46.344547042774074,0.2632,2836960.0,0.0,-27.899032074397418,5,False
2026-09-17,15:26:45,NIFTY,DOWN,MOMENTUM_EVENT,WEAK,MODE_B,MODE B 15:15-15:30 (research only),False,False,MODE_B_RESEARCH_ONLY;WEAK_MOMENTUM,WINDOW,WINDOW;CONFIRMATION,False,False,GENUINELY_BAD_SIGNAL,DETECTED_LATE,-1.9315673289183224,EVENT_INVALIDATED,1.9315673289183224,-1.9315673289183224,165.0,0.3317,35.0,0.34640522875813884,-9.400000000001455,-1.4000000000014552,-9.400000000001455,-0.902792357757718,1.280878316559932,-1.3620738197956286,0.6832689834032473,0.1103,158470.0,0.0,1.5393226980128742,30,False
2026-09-17,15:27:20,NIFTY,UP,MOMENTUM_EVENT,STRONG,MODE_B,MODE B 15:15-15:30 (research only),False,False,MODE_B_RESEARCH_ONLY;OPTION_NOT_RESPONDING,WINDOW,WINDOW;OPTION_RESPONSE,False,False,NO_FOLLOW_THROUGH,NO_FOLLOW_THROUGH,-0.6715916722632639,EVENT_INVALIDATED,-0.3693754197448028,-2.8206850235057197,15.0,0.269,35.0,0.0,14.200000000000728,16.200000000000728,14.200000000000728,0.5485232067510597,-0.5883684091423322,0.25257346634206523,-0.949050890324971,0.2687,75660.0,0.0,0.7956661587946388,20,False
2026-09-18,14:55:40,SENSEX,DOWN,MOMENTUM_EVENT,WEAK,PRE,PRE 14:55-15:00,False,False,TIME_WINDOW_CLOSED;WEAK_MOMENTUM;OPTION_NOT_RESPONDING,WINDOW,WINDOW;CONFIRMATION;OPTION_RESPONSE,False,False,GENUINELY_BAD_SIGNAL,DETECTED_EARLY,-0.03729487817005899,FUTURES_DIVERGENCE,2.9587270014918037,-3.4808552958727,300.0,0.1244,35.0,0.61804613297157,-28.14999999999418,-28.14999999999418,-28.14999999999418,-0.568148878195848,0.49573293172691335,0.568148878195848,-0.6333974986430126,0.2123,17180.0,0.0,0.49573293172691335,65,False
2026-09-18,14:56:25,NIFTY,DOWN,MOMENTUM_EVENT,STRONG,PRE,PRE 14:55-15:00,False,False,TIME_WINDOW_CLOSED;OPTION_NOT_RESPONDING,WINDOW,WINDOW;OPTION_RESPONSE,False,False,GENUINELY_BAD_SIGNAL,DETECTED_EARLY,-0.2752654345261569,EVENT_INVALIDATED,6.331104994101441,-4.168305151395998,280.0,0.1574,35.0,0.5525291828793901,-14.400000000001455,-4.599999999998545,-14.400000000001455,-0.9052504526252263,-0.100679587213701,0.239486136435012,0.2014353122548747,0.1965,78455.0,0.0,0.25610717100077907,70,False
2026-09-18,14:56:50,SENSEX,DOWN,MOMENTUM_EVENT,WEAK,PRE,PRE 14:55-15:00,False,False,TIME_WINDOW_CLOSED;WEAK_MOMENTUM;OPTION_NOT_RESPONDING,WINDOW,WINDOW;CONFIRMATION;OPTION_RESPONSE,False,False,GENUINELY_BAD_SIGNAL,DETECTED_LATE,-0.03725319756611878,FUTURES_DIVERGENCE,3.9736744070532724,-3.5887246988699837,255.0,0.1491,35.0,0.34138309549949325,-30.0,-30.0,-30.0,0.5892155695750425,-0.27875859505668094,-0.5179920695330094,0.14233279542023053,0.1988,16880.0,13320.0,-0.27875859505668094,,False
2026-09-18,14:57:30,NIFTY,DOWN,MOMENTUM_EVENT,STRONG,PRE,PRE 14:55-15:00,False,False,TIME_WINDOW_CLOSED,WINDOW,WINDOW,False,False,GENUINELY_BAD_SIGNAL,DETECTED_LATE,-0.14792899408284582,EVENT_INVALIDATED,4.585798816568039,-6.065088757396455,215.0,0.2469,35.0,0.37606837606838006,-14.5,-1.3000000000029104,-14.5,-2.0890937019969313,1.8063221274460584,4.149209011646889,-2.600461458009247,0.1971,724230.0,0.0,1.8063221274460584,5,False
2026-09-18,14:58:05,SENSEX,DOWN,CONTINUATION_EVENT,STRONG,PRE,PRE 14:55-15:00,False,False,TIME_WINDOW_CLOSED;OPTION_NOT_RESPONDING;NO_CONFIRMATION,WINDOW,WINDOW;CONFIRMATION;OPTION_RESPONSE,False,False,GENUINELY_BAD_SIGNAL,DETECTED_LATE,-2.936478682884873,MOMENTUM_FAILURE,2.8750460744563187,-4.607445632141541,180.0,0.2337,185.0,0.2559181062060331,0.0,0.0,-58.14999999999418,0.10178421745898968,-0.36954915003695493,0.3895281994975681,-0.32036092572944075,0.1731,25920.0,0.0,0.7850467289719569,,False
2026-09-18,14:58:45,NIFTY,UP,REVERSAL_EVENT,WEAK,PRE,PRE 14:55-15:00,False,False,TIME_WINDOW_CLOSED;WEAK_MOMENTUM;NO_CONFIRMATION,WINDOW,WINDOW;CONFIRMATION,False,False,GENUINELY_BAD_SIGNAL,DETECTED_EARLY,-0.1622060016220623,FUTURES_DIVERGENCE,0.24330900243308773,-15.085158150851576,10.0,0.3249,35.0,0.5933333333334303,9.599999999998545,-2.599999999998545,9.599999999998545,4.865718799368081,-3.7109855001228724,0.3216089920464076,-0.35425165888424925,0.2484,344240.0,41990.0,6.2472503299604,5,False
2026-09-18,14:59:05,SENSEX,DOWN,MOMENTUM_EVENT,WEAK,PRE,PRE 14:55-15:00,False,False,TIME_WINDOW_CLOSED;WEAK_MOMENTUM;OPTION_NOT_RESPONDING;NO_CONFIRMATION,WINDOW,WINDOW;CONFIRMATION;OPTION_RESPONSE,False,False,PROFITABLE_OPPORTUNITY,DETECTED_EARLY,5.215621422210914,TARGET,6.513166263834109,0.0890471950133484,120.0,0.1018,35.0,0.695,-26.75,26.75,-26.75,2.845793561392067,-2.571428571428577,-4.383578735394148,4.3669519184970245,0.051,36480.0,0.0,-2.571428571428577,,False
2026-09-18,15:00:05,NIFTY,DOWN,REVERSAL_EVENT,WEAK,MODE_A,15:00-15:03,False,False,WEAK_MOMENTUM,CONFIRMATION,CONFIRMATION,False,False,PROFITABLE_OPPORTUNITY,DETECTED_EARLY,1.427469135802465,TRAIL_STOP,4.320987654320983,0.03858024691358902,60.0,0.2704,35.0,0.6057347670250588,-11.0,-8.80000000000291,-11.0,-4.1091781643671235,2.5700334104343354,-3.63858076250056,2.7783866206983276,0.1958,87750.0,-21190.0,2.797906602254424,30,False
2026-09-18,15:00:20,NIFTY,DOWN,MOMENTUM_EVENT,STRONG,MODE_A,15:00-15:03,False,True,RISK_TOO_LARGE,RISK,RISK,False,True,GENUINELY_BAD_SIGNAL,DETECTED_EARLY,-0.48402710551790895,FUTURES_DIVERGENCE,2.6621490803484993,-1.5972894482090914,45.0,0.1938,35.0,0.60820895522387,-13.0,6.80000000000291,-13.0,-6.794948887552622,5.556984821198874,0.8444383085390434,0.13072892268472414,0.1462,820885.0,0.0,5.556984821198874,15,True
2026-09-18,15:01:20,NIFTY,DOWN,CONTINUATION_EVENT,STRONG,MODE_A,15:00-15:03,False,True,RISK_TOO_LARGE,RISK,RISK,False,False,GENUINELY_BAD_SIGNAL,DETECTED_LATE,-1.068479844584758,EVENT_INVALIDATED,3.0111704711024716,-1.6027197668771302,250.0,0.1458,185.0,0.09452736318415884,-7.599999999998545,11.0,-18.19999999999709,-2.280237937871789,1.7505995203836957,-2.149514612336801,2.283505246776384,0.2357,1330485.0,0.0,5.102799108248705,25,True
2026-09-18,15:02:20,NIFTY,DOWN,CONTINUATION_EVENT,STRONG,MODE_A,15:00-15:03,False,False,NO_CONFIRMATION,CONFIRMATION,CONFIRMATION,False,False,GENUINELY_BAD_SIGNAL,DETECTED_LATE,-0.5760921747479678,TIME_EXIT,1.824291886701864,-2.7364378300528167,190.0,0.2885,185.0,0.29655172413788083,6.799999999999272,3.399999999997817,-20.0,1.8469656992084509,-1.3672343487646892,1.9135489998250117,-1.4148738576900615,0.2918,457990.0,0.0,5.62548163370151,,False
2026-09-18,15:02:55,SENSEX,DOWN,MOMENTUM_EVENT,WEAK,MODE_A,15:00-15:03,False,False,WEAK_MOMENTUM;OPTION_NOT_RESPONDING,CONFIRMATION,CONFIRMATION;OPTION_RESPONSE,False,False,NO_FOLLOW_THROUGH,NO_FOLLOW_THROUGH,1.3476722025592127,TIME_EXIT,4.111080860332144,-1.8513476722025624,300.0,0.218,35.0,0.0,-34.75,-34.75,-34.75,-0.09130752373995618,0.1273576323609624,0.5546809859167964,-1.3358695080284253,0.2179,15620.0,0.0,0.3073140749846343,,False
2026-09-18,15:03:30,NIFTY,UP,REVERSAL_EVENT,WEAK,MODE_A,15:03-15:06,False,False,WEAK_MOMENTUM,CONFIRMATION,CONFIRMATION,False,False,GENUINELY_BAD_SIGNAL,DETECTED_LATE,-0.1311475409835991,EVENT_INVALIDATED,0.7213114754098323,-9.442622950819676,40.0,0.1969,35.0,0.35294117647058826,8.400000000001455,3.400000000001455,8.400000000001455,1.3725490196078394,-1.0439427045399259,0.256924132452248,0.26449206488208055,0.2579,499915.0,0.0,1.3725490196078394,20,False
2026-09-18,15:04:35,NIFTY,DOWN,REVERSAL_EVENT,WEAK,MODE_A,15:03-15:06,False,False,WEAK_MOMENTUM;NO_CONFIRMATION,CONFIRMATION,CONFIRMATION,False,False,PROFITABLE_OPPORTUNITY,DETECTED_EARLY,0.43451272501552896,EVENT_INVALIDATED,8.44196151458721,-3.3519553072625734,265.0,0.1864,35.0,0.5808080808081022,-7.799999999999272,7.799999999999272,-7.799999999999272,-1.5655577299412953,1.1870155038759636,-2.21172353010535,1.7727190543991571,0.1871,366990.0,0.0,1.3590391908976016,30,False
2026-09-18,15:07:05,NIFTY,DOWN,MOMENTUM_EVENT,WEAK,MODE_A,15:06-15:09,False,False,WEAK_MOMENTUM,CONFIRMATION,CONFIRMATION,False,False,PROFITABLE_OPPORTUNITY,DETECTED_EARLY,0.2469135802469171,EVENT_INVALIDATED,8.395061728395058,0.06172839506172488,205.0,0.2472,35.0,0.6391304347826403,-11.0,5.599999999998545,-11.0,-2.3715415019762993,2.2249093107617868,-2.1761610427589084,1.2005137020179018,0.2472,460655.0,-201110.0,2.5348542458808616,15,False
2026-09-18,15:08:05,NIFTY,DOWN,MOMENTUM_EVENT,WEAK,MODE_A,15:06-15:09,False,False,WEAK_MOMENTUM,CONFIRMATION,CONFIRMATION,False,False,PROFITABLE_BUT_LATE,DETECTED_LATE,1.6023738872403492,MOMENTUM_FADE,4.213649851632044,-1.958456973293775,145.0,0.2377,35.0,0.45,-9.0,-3.8000000000029104,-9.0,-4.437669376693756,3.294117647058824,0.7981567289577058,-0.918731613410507,0.2954,1446380.0,-192725.0,3.9938556067588324,10,False
2026-09-18,15:09:05,SENSEX,DOWN,MOMENTUM_EVENT,WEAK,MODE_A,15:09-15:12,False,False,WEAK_MOMENTUM,CONFIRMATION,CONFIRMATION,False,False,GENUINELY_BAD_SIGNAL,DETECTED_LATE,-1.60714285714286,MOMENTUM_FAILURE,-0.12755102040816327,-4.910714285714286,10.0,0.166,35.0,0.18827508455478523,-36.0,-36.0,-36.0,-1.5509503695881732,1.1204158244296905,0.7013560894133806,-0.8330444672718603,0.2302,73920.0,0.0,1.3217571595179385,30,False
2026-09-18,15:09:35,NIFTY,DOWN,CONTINUATION_EVENT,STRONG,MODE_A,15:09-15:12,False,True,,NONE,,True,True,TRADED,DETECTED_LATE,-0.1724137931034548,MOMENTUM_FAILURE,0.9195402298850541,-5.344827586206903,55.0,0.2301,185.0,0.22608695652177077,-0.4000000000014552,0.0,-18.0,1.1102886750555145,-0.4664593513993705,-0.7418888940460787,0.24393973214063908,0.2307,971295.0,0.0,9.885931558935358,5,False
2026-09-18,15:09:35,SENSEX,DOWN,CONTINUATION_EVENT,STRONG,MODE_A,15:09-15:12,False,False,NO_CONFIRMATION,CONFIRMATION,CONFIRMATION,False,False,NO_FOLLOW_THROUGH,NO_FOLLOW_THROUGH,-0.12637867647059084,TIME_EXIT,0.6318933823529412,-3.4926470588235268,55.0,0.2531,185.0,0.0,0.0,0.0,-50.0,1.2871220754843498,-0.805300131361022,2.3695555658702725,-0.9076642664244927,0.2533,48780.0,0.0,5.606226438039648,,False
2026-09-18,15:10:35,SENSEX,DOWN,CONTINUATION_EVENT,STRONG,MODE_A,15:09-15:12,False,False,NO_CONFIRMATION,CONFIRMATION,CONFIRMATION,False,False,NO_FOLLOW_THROUGH,NO_FOLLOW_THROUGH,0.0,TIME_EXIT,0.06854792642522824,-4.8326288129784025,15.0,0.08,185.0,0.0,0.0,0.0,-58.35000000000582,0.2987452698665604,0.39541547277937483,-0.13958860860696076,-0.32677125482060015,0.1941,16760.0,0.0,3.393531633616619,,False
2026-09-18,15:12:10,NIFTY,DOWN,MOMENTUM_EVENT,WEAK,MODE_A,15:12-15:15,False,False,WEAK_MOMENTUM;OPTION_NOT_RESPONDING,CONFIRMATION,CONFIRMATION;OPTION_RESPONSE,False,False,GENUINELY_BAD_SIGNAL,DETECTED_EARLY,-0.8570139828597102,EVENT_INVALIDATED,1.804239963915201,-3.518267929634634,30.0,0.1806,35.0,0.8865979381441134,-9.700000000000728,-0.10000000000218279,-9.700000000000728,-1.2022630834512142,0.9060022650056626,0.7048275848138496,-1.131360171449756,0.2245,291395.0,-214110.0,0.9060022650056626,15,False
2026-09-18,15:13:40,NIFTY,UP,MOMENTUM_EVENT,WEAK,MODE_A,15:12-15:15,False,False,WEAK_MOMENTUM;OPTION_NOT_RESPONDING,CONFIRMATION,CONFIRMATION;OPTION_RESPONSE,False,False,GENUINELY_BAD_SIGNAL,DETECTED_LATE,-2.5405786873676743,MOMENTUM_FAILURE,-0.35285815102328866,-8.186309103740292,5.0,0.3535,35.0,0.2753623188405415,10.0,-11.19999999999709,10.0,0.966356478167518,-2.2367826479891626,-2.527588513751525,3.6127570796510975,0.3545,620100.0,0.0,0.966356478167518,5,False
2026-09-18,15:14:45,SENSEX,UP,MOMENTUM_EVENT,WEAK,MODE_A,15:12-15:15,False,False,WEAK_MOMENTUM;OPTION_NOT_RESPONDING,CONFIRMATION,CONFIRMATION;OPTION_RESPONSE,False,False,PROFITABLE_BUT_LATE,DETECTED_LATE,1.3513513513513442,MOMENTUM_FADE,2.871621621621611,-2.3034398034398036,30.0,0.1691,35.0,0.3127615062761659,32.84999999999127,32.84999999999127,32.84999999999127,0.07352941176469979,-0.26395822574167305,-2.675969130137247,1.844573919823564,0.2447,4340.0,0.0,0.17620470389948323,5,False
2026-09-18,15:18:35,NIFTY,DOWN,MOMENTUM_EVENT,WEAK,MODE_B,MODE B 15:15-15:30 (research only),False,False,MODE_B_RESEARCH_ONLY;WEAK_MOMENTUM,WINDOW,WINDOW;CONFIRMATION,False,False,GENUINELY_BAD_SIGNAL,DETECTED_LATE,-1.330532212885158,EVENT_INVALIDATED,1.7857142857142734,-2.4859943977591117,115.0,0.2454,35.0,0.40601503759384305,-7.900000000001455,3.2999999999956344,-7.900000000001455,-2.831594634873311,1.1233430689732644,0.8757993316789522,-0.8103117994415976,0.1398,79690.0,0.0,1.3101983002833024,10,False
2026-09-18,15:22:05,SENSEX,DOWN,MOMENTUM_EVENT,STRONG,MODE_B,MODE B 15:15-15:30 (research only),False,False,MODE_B_RESEARCH_ONLY;OPTION_NOT_RESPONDING,WINDOW,WINDOW;OPTION_RESPONSE,False,False,PROFITABLE_BUT_LATE,DETECTED_LATE,1.6357051057366516,TIME_EXIT,1.6357051057366516,-4.837013669821238,120.0,0.2339,35.0,0.09684519442415825,-61.54999999998836,-61.54999999998836,-61.54999999998836,-0.013598041881972089,-1.082824559382557,0.19046282041027926,-0.4401977600371548,0.1165,28420.0,0.0,-1.082824559382557,,False
2026-09-18,15:23:05,SENSEX,DOWN,CONTINUATION_EVENT,STRONG,MODE_B,MODE B 15:15-15:30 (research only),False,False,MODE_B_RESEARCH_ONLY,WINDOW,WINDOW,False,False,NO_FOLLOW_THROUGH,NO_FOLLOW_THROUGH,-1.630151278038602,TIME_EXIT,0.6520605112154408,-7.2509128847156905,60.0,0.0913,185.0,0.0,-9.0,-9.0,-68.14999999999418,-1.0511945392491528,0.9838737847121072,2.221226532727779,-0.43856007595325436,0.0389,13460.0,0.0,2.1337220860115336,30,False
2026-09-18,15:24:05,SENSEX,DOWN,CONTINUATION_EVENT,STRONG,MODE_B,MODE B 15:15-15:30 (research only),False,False,MODE_B_RESEARCH_ONLY;OPTION_NOT_RESPONDING;NO_CONFIRMATION,WINDOW,WINDOW;CONFIRMATION;OPTION_RESPONSE,False,False,NO_FOLLOW_THROUGH,NO_FOLLOW_THROUGH,-1.8597175984387606,MOMENTUM_FAILURE,-0.34439214785902883,-7.415910917231089,5.0,0.1379,185.0,0.0,0.0,0.0,-68.14999999999418,0.3233129256380302,0.040460089012198455,-0.2271390819419965,0.43396758587479267,0.3004,7520.0,0.0,0.5285473659754841,,False
2026-09-18,15:26:55,NIFTY,UP,MOMENTUM_EVENT,WEAK,MODE_B,MODE B 15:15-15:30 (research only),False,False,MODE_B_RESEARCH_ONLY;WEAK_MOMENTUM,WINDOW,WINDOW;CONFIRMATION,False,False,GENUINELY_BAD_SIGNAL,DETECTED_EARLY,-0.36416605972323374,FUTURES_DIVERGENCE,2.1849963583394025,-3.2774945375091042,50.0,0.3648,35.0,0.7624309392265405,8.299999999999272,7.500000000003638,8.299999999999272,6.687524442706305,-6.076975016880486,0.4789620189100279,-2.064885816750728,0.2933,955630.0,-326365.0,6.687524442706305,5,False
2026-09-18,15:27:45,SENSEX,UP,MOMENTUM_EVENT,STRONG,MODE_B,MODE B 15:15-15:30 (research only),False,False,MODE_B_RESEARCH_ONLY,WINDOW,WINDOW,False,False,NO_FOLLOW_THROUGH,NO_FOLLOW_THROUGH,-0.5881584106652725,MOMENTUM_FAILURE,-0.26140373807345446,-3.2283361652071685,5.0,0.2355,35.0,0.0,44.14999999999418,44.14999999999418,44.14999999999418,1.3148234665954779,-1.6209324915007313,-0.43764301142460776,0.4370353792658921,0.2108,10320.0,0.0,1.3148234665954779,25,False
2026-09-18,15:28:30,NIFTY,UP,CONTINUATION_EVENT,STRONG,MODE_B,MODE B 15:15-15:30 (research only),False,False,MODE_B_RESEARCH_ONLY,WINDOW,WINDOW,False,False,GENUINELY_BAD_SIGNAL,DETECTED_LATE,-2.1494370522006228,SESSION_END,0.5117707267144319,-4.298874104401231,25.0,0.3075,185.0,0.1616161616162043,6.299999999999272,0.8999999999978172,17.5,-0.7862759113652569,1.9184069936862498,-0.7150646191684291,0.9401369132110653,0.306,364520.0,0.0,10.416666666666668,,False
