date,time,symbol,direction,event_type,strength,mode,expiry_day,option,passed_gates,reasons,categories,cf_active_exit_pct,cf_exit_reason,mfe_pct,mae_pct,fut_mfe_after_det,fut_mae_after_det,timing,status,option_response_pct
2026-09-17,14:55:35,NIFTY,UP,MOMENTUM_EVENT,WEAK,PRE,False,CE 23300,False,TIME_WINDOW_CLOSED;WEAK_MOMENTUM;OPTION_NOT_RESPONDING,expiry/time;confirmation,-0.171,EVENT_INVALIDATED,-0.171,-7.219,0.0,-23.9,DETECTED_EARLY,GENUINELY BAD SIGNAL (would have lost),-1.447
2026-09-17,14:56:50,NIFTY,DOWN,MOMENTUM_EVENT,WEAK,PRE,False,PE 23250,False,TIME_WINDOW_CLOSED;WEAK_MOMENTUM,expiry/time;confirmation,-0.349,TIME_EXIT,4.434,-2.491,10.0,-5.0,DETECTED_LATE,GENUINELY BAD SIGNAL (would have lost),1.665
2026-09-17,14:59:10,NIFTY,UP,MOMENTUM_EVENT,WEAK,PRE,False,CE 23300,False,TIME_WINDOW_CLOSED;WEAK_MOMENTUM;OPTION_NOT_RESPONDING,expiry/time;confirmation,-0.268,UNDERLYING_INVALIDATION,3.666,-2.906,5.0,-15.0,DETECTED_EARLY,GENUINELY BAD SIGNAL (would have lost),-0.11
2026-09-17,15:00:55,NIFTY,UP,MOMENTUM_EVENT,STRONG,MODE_A,False,CE 23300,True,RISK_TOO_LARGE,risk,-1.229,EVENT_INVALIDATED,1.8,-2.063,8.6,-11.2,DETECTED_EARLY,GENUINELY BAD SIGNAL (would have lost),4.106
2026-09-17,15:02:35,NIFTY,UP,MOMENTUM_EVENT,WEAK,MODE_A,False,CE 23350,False,WEAK_MOMENTUM,confirmation,-0.609,FUTURES_DIVERGENCE,2.049,-3.212,17.9,-2.6,DETECTED_EARLY,GENUINELY BAD SIGNAL (would have lost),2.163
2026-09-17,15:05:15,NIFTY,UP,MOMENTUM_EVENT,WEAK,MODE_A,False,CE 23250,False,WEAK_MOMENTUM;OPTION_NOT_RESPONDING;NO_CONFIRMATION,confirmation,0.07,EVENT_INVALIDATED,2.382,-0.841,7.1,-10.2,DETECTED_EARLY,MISSED PROFITABLE OPPORTUNITY,0.37
2026-09-17,15:05:20,NIFTY,UP,MOMENTUM_EVENT,STRONG,MODE_A,False,CE 23250,True,RISK_TOO_LARGE,risk,-0.873,FUTURES_DIVERGENCE,2.166,-1.118,7.0,-10.3,DETECTED_EARLY,GENUINELY BAD SIGNAL (would have lost),2.004
2026-09-17,15:07:10,NIFTY,UP,MOMENTUM_EVENT,WEAK,MODE_A,False,CE 23350,False,WEAK_MOMENTUM,confirmation,-0.544,FUTURES_DIVERGENCE,0.761,-3.371,5.0,-11.6,DETECTED_EARLY,GENUINELY BAD SIGNAL (would have lost),2.274
2026-09-17,15:07:45,NIFTY,UP,CONTINUATION_EVENT,STRONG,MODE_A,False,CE 23300,True,RISK_TOO_LARGE,risk,0.348,EVENT_INVALIDATED,2.83,-1.088,0.0,-16.6,DETECTED_EARLY,MISSED PROFITABLE OPPORTUNITY,2.436
2026-09-17,15:08:45,NIFTY,DOWN,MOMENTUM_EVENT,WEAK,MODE_A,False,PE 23300,False,WEAK_MOMENTUM;OPTION_NOT_RESPONDING;NO_CONFIRMATION,confirmation,-0.173,FUTURES_DIVERGENCE,4.163,-3.079,4.8,-12.8,DETECTED_EARLY,GENUINELY BAD SIGNAL (would have lost),-0.065
2026-09-17,15:09:45,NIFTY,UP,MOMENTUM_EVENT,WEAK,MODE_A,False,CE 23300,False,WEAK_MOMENTUM;OPTION_NOT_RESPONDING,confirmation,-0.259,UNDERLYING_INVALIDATION,7.134,-1.038,3.1,-14.5,DETECTED_LATE,GENUINELY BAD SIGNAL (would have lost),-1.261
2026-09-17,15:10:50,NIFTY,UP,MOMENTUM_EVENT,STRONG,MODE_A,False,CE 23300,False,OPTION_NOT_RESPONDING,confirmation,0.0,UNDERLYING_INVALIDATION,6.17,-1.928,5.4,-16.2,DETECTED_EARLY,GENUINELY BAD SIGNAL (would have lost),0.644
2026-09-17,15:12:10,NIFTY,DOWN,MOMENTUM_EVENT,WEAK,MODE_A,False,PE 23350,False,WEAK_MOMENTUM;NO_CONFIRMATION,confirmation,-2.056,MOMENTUM_FAILURE,-1.289,-10.488,1.6,-20.0,NO_FOLLOW_THROUGH,GENUINELY BAD SIGNAL (would have lost),1.156
2026-09-17,15:13:25,NIFTY,UP,MOMENTUM_EVENT,STRONG,MODE_A,False,CE 23300,True,RISK_TOO_LARGE,risk,-0.706,EVENT_INVALIDATED,2.95,-1.246,5.0,-10.9,DETECTED_EARLY,GENUINELY BAD SIGNAL (would have lost),2.359
2026-09-17,15:14:25,NIFTY,DOWN,REVERSAL_EVENT,WEAK,MODE_A,False,PE 23300,False,WEAK_MOMENTUM;OPTION_NOT_RESPONDING,confirmation,-1.004,EVENT_INVALIDATED,3.011,-3.741,1.7,-12.8,DETECTED_EARLY,GENUINELY BAD SIGNAL (would have lost),-1.497
2026-09-17,15:15:40,NIFTY,UP,MOMENTUM_EVENT,STRONG,MODE_B,False,CE 23350,False,MODE_B_RESEARCH_ONLY;OPTION_NOT_RESPONDING,expiry/time;confirmation,-0.264,EVENT_INVALIDATED,2.748,-1.586,0.1,-11.4,DETECTED_EARLY,GENUINELY BAD SIGNAL (would have lost),0.481
2026-09-17,15:17:40,NIFTY,DOWN,MOMENTUM_EVENT,WEAK,MODE_B,False,PE 23300,False,MODE_B_RESEARCH_ONLY;WEAK_MOMENTUM,expiry/time;confirmation,-0.09,EVENT_INVALIDATED,1.493,-2.578,3.7,-7.2,DETECTED_LATE,GENUINELY BAD SIGNAL (would have lost),1.914
2026-09-17,15:18:45,NIFTY,UP,MOMENTUM_EVENT,WEAK,MODE_B,False,CE 23300,False,MODE_B_RESEARCH_ONLY;WEAK_MOMENTUM;OPTION_NOT_RESPONDING;NO_CONFIRMATION,expiry/time;confirmation,-0.454,EVENT_INVALIDATED,1.526,-4.412,0.0,-14.8,DETECTED_EARLY,GENUINELY BAD SIGNAL (would have lost),0.768
2026-09-17,15:19:55,NIFTY,UP,MOMENTUM_EVENT,WEAK,MODE_B,False,CE 23300,False,MODE_B_RESEARCH_ONLY;WEAK_MOMENTUM;OPTION_NOT_RESPONDING;NO_CONFIRMATION,expiry/time;confirmation,0.25,EVENT_INVALIDATED,1.628,-3.255,0.0,-15.0,DETECTED_EARLY,MISSED PROFITABLE OPPORTUNITY,-0.513
2026-09-17,15:23:50,NIFTY,UP,MOMENTUM_EVENT,WEAK,MODE_B,False,CE 23300,False,MODE_B_RESEARCH_ONLY;WEAK_MOMENTUM;OPTION_NOT_RESPONDING,expiry/time;confirmation,0.042,EVENT_INVALIDATED,1.813,-2.108,10.7,-8.5,DETECTED_EARLY,MISSED PROFITABLE OPPORTUNITY,-0.55
2026-09-17,15:24:50,NIFTY,UP,MOMENTUM_EVENT,WEAK,MODE_B,False,CE 23300,False,MODE_B_RESEARCH_ONLY;WEAK_MOMENTUM,expiry/time;confirmation,-0.417,FUTURES_DIVERGENCE,0.626,-3.545,7.4,-12.1,DETECTED_EARLY,GENUINELY BAD SIGNAL (would have lost),1.257
2026-09-17,15:26:45,NIFTY,DOWN,MOMENTUM_EVENT,WEAK,MODE_B,False,PE 23250,False,MODE_B_RESEARCH_ONLY;WEAK_MOMENTUM,expiry/time;confirmation,-1.932,EVENT_INVALIDATED,1.932,-1.932,5.9,-13.6,DETECTED_LATE,GENUINELY BAD SIGNAL (would have lost),1.539
2026-09-17,15:27:20,NIFTY,UP,MOMENTUM_EVENT,STRONG,MODE_B,False,CE 23250,False,MODE_B_RESEARCH_ONLY;OPTION_NOT_RESPONDING,expiry/time;confirmation,-0.672,EVENT_INVALIDATED,-0.369,-2.821,0.0,-19.5,NO_FOLLOW_THROUGH,GENUINELY BAD SIGNAL (would have lost),0.796
2026-09-17,15:01:35,SENSEX,UP,MOMENTUM_EVENT,WEAK,MODE_A,True,CE 74500,False,WEAK_MOMENTUM,confirmation,-9.851,STOP_LOSS,-3.27,-24.627,0.0,-21.35,NO_FOLLOW_THROUGH,GENUINELY BAD SIGNAL (would have lost),5.876
2026-09-17,15:16:30,SENSEX,UP,MOMENTUM_EVENT,WEAK,MODE_B,True,CE 74500,False,EXPIRY_DAY_CLOSE_VETO;MODE_B_RESEARCH_ONLY;WEAK_MOMENTUM,expiry/time;confirmation,-2.238,EXPIRY_ZONE_EXIT,7.16,-56.225,20.0,-20.05,DETECTED_LATE,GENUINELY BAD SIGNAL (would have lost),9.722
2026-09-17,15:18:35,SENSEX,DOWN,MOMENTUM_EVENT,WEAK,MODE_B,True,PE 74400,False,EXPIRY_DAY_CLOSE_VETO;MODE_B_RESEARCH_ONLY;WEAK_MOMENTUM;OPTION_NOT_RESPONDING,expiry/time;confirmation,1.143,EXPIRY_ZONE_EXIT,4.128,-64.873,4.45,-35.6,DETECTED_LATE,PROFITABLE BUT LATE,-2.524
2026-09-17,15:22:20,SENSEX,UP,MOMENTUM_EVENT,WEAK,MODE_B,True,CE 74400,False,EXPIRY_DAY_CLOSE_VETO;MODE_B_RESEARCH_ONLY;WEAK_MOMENTUM;OPTION_NOT_RESPONDING,expiry/time;confirmation,-13.164,EXPIRY_ZONE_EXIT,80.716,-62.587,0.0,-45.75,NO_FOLLOW_THROUGH,GENUINELY BAD SIGNAL (would have lost),-23.738
2026-09-17,15:24:15,SENSEX,DOWN,MOMENTUM_EVENT,WEAK,MODE_B,True,PE 74400,False,EXPIRY_DAY_CLOSE_VETO;MODE_B_RESEARCH_ONLY;WEAK_MOMENTUM;OPTION_NOT_RESPONDING,expiry/time;confirmation,-12.693,EXPIRY_ZONE_EXIT,76.574,-91.95,0.0,-45.75,NO_FOLLOW_THROUGH,GENUINELY BAD SIGNAL (would have lost),-15.259
2026-09-17,15:25:15,SENSEX,UP,MOMENTUM_EVENT,WEAK,MODE_B,True,CE 74500,False,EXPIRY_DAY_CLOSE_VETO;MODE_B_RESEARCH_ONLY;WEAK_MOMENTUM;OPTION_NOT_RESPONDING,expiry/time;confirmation,-13.561,EXPIRY_ZONE_EXIT,7.938,-99.89,1.5,-41.05,DETECTED_LATE,GENUINELY BAD SIGNAL (would have lost),-11.842
2026-09-17,15:25:30,SENSEX,UP,MOMENTUM_EVENT,STRONG,MODE_B,True,CE 74400,False,EXPIRY_DAY_CLOSE_VETO;MODE_B_RESEARCH_ONLY;OPTION_NOT_RESPONDING;NO_CONFIRMATION,expiry/time;confirmation,4.932,EXPIRY_ZONE_EXIT,30.448,-99.899,0.0,-42.55,NO_FOLLOW_THROUGH,PROFITABLE (other),-27.899
2026-09-18,14:56:25,NIFTY,DOWN,MOMENTUM_EVENT,STRONG,PRE,False,PE 23450,False,TIME_WINDOW_CLOSED;OPTION_NOT_RESPONDING,expiry/time;confirmation,-0.275,EVENT_INVALIDATED,6.331,-4.168,11.3,-17.5,DETECTED_EARLY,GENUINELY BAD SIGNAL (would have lost),0.256
2026-09-18,14:57:30,NIFTY,DOWN,MOMENTUM_EVENT,STRONG,PRE,False,PE 23400,False,TIME_WINDOW_CLOSED,expiry/time,-0.148,EVENT_INVALIDATED,4.586,-6.065,8.9,-19.9,DETECTED_LATE,GENUINELY BAD SIGNAL (would have lost),1.806
2026-09-18,14:58:45,NIFTY,UP,REVERSAL_EVENT,WEAK,PRE,False,CE 23450,False,TIME_WINDOW_CLOSED;WEAK_MOMENTUM;NO_CONFIRMATION,expiry/time;confirmation,-0.162,FUTURES_DIVERGENCE,0.243,-15.085,5.4,-23.4,DETECTED_EARLY,GENUINELY BAD SIGNAL (would have lost),6.247
2026-09-18,15:00:05,NIFTY,DOWN,REVERSAL_EVENT,WEAK,MODE_A,False,PE 23450,False,WEAK_MOMENTUM,confirmation,1.427,TRAIL_STOP,4.321,0.039,16.9,0.0,DETECTED_EARLY,MISSED PROFITABLE OPPORTUNITY,2.798
2026-09-18,15:00:20,NIFTY,DOWN,MOMENTUM_EVENT,STRONG,MODE_A,False,PE 23400,True,RISK_TOO_LARGE,risk,-0.484,FUTURES_DIVERGENCE,2.662,-1.597,13.8,-3.1,DETECTED_EARLY,GENUINELY BAD SIGNAL (would have lost),5.557
2026-09-18,15:01:20,NIFTY,DOWN,CONTINUATION_EVENT,STRONG,MODE_A,False,PE 23400,True,RISK_TOO_LARGE,risk,-1.068,EVENT_INVALIDATED,3.011,-1.603,1.9,-12.1,DETECTED_LATE,GENUINELY BAD SIGNAL (would have lost),5.103
2026-09-18,15:02:20,NIFTY,DOWN,CONTINUATION_EVENT,STRONG,MODE_A,False,PE 23400,False,NO_CONFIRMATION,confirmation,-0.576,TIME_EXIT,1.824,-2.736,9.0,-5.0,DETECTED_LATE,GENUINELY BAD SIGNAL (would have lost),5.625
2026-09-18,15:03:30,NIFTY,UP,REVERSAL_EVENT,WEAK,MODE_A,False,CE 23400,False,WEAK_MOMENTUM,confirmation,-0.131,EVENT_INVALIDATED,0.721,-9.443,0.1,-17.3,DETECTED_LATE,GENUINELY BAD SIGNAL (would have lost),1.373
2026-09-18,15:04:35,NIFTY,DOWN,REVERSAL_EVENT,WEAK,MODE_A,False,PE 23350,False,WEAK_MOMENTUM;NO_CONFIRMATION,confirmation,0.435,EVENT_INVALIDATED,8.442,-3.352,12.0,-6.0,DETECTED_EARLY,MISSED PROFITABLE OPPORTUNITY,1.359
2026-09-18,15:07:05,NIFTY,DOWN,MOMENTUM_EVENT,WEAK,MODE_A,False,PE 23350,False,WEAK_MOMENTUM,confirmation,0.247,EVENT_INVALIDATED,8.395,0.062,12.0,-8.0,DETECTED_EARLY,MISSED PROFITABLE OPPORTUNITY,2.535
2026-09-18,15:08:05,NIFTY,DOWN,MOMENTUM_EVENT,WEAK,MODE_A,False,PE 23350,False,WEAK_MOMENTUM,confirmation,1.602,MOMENTUM_FADE,4.214,-1.958,11.0,0.0,DETECTED_LATE,PROFITABLE BUT LATE,3.994
2026-09-18,15:09:35,NIFTY,DOWN,CONTINUATION_EVENT,STRONG,MODE_A,False,PE 23350,True,-,-,-0.172,MOMENTUM_FAILURE,0.92,-5.345,5.0,-8.8,DETECTED_LATE,TRADED,9.886
2026-09-18,15:12:10,NIFTY,DOWN,MOMENTUM_EVENT,WEAK,MODE_A,False,PE 23400,False,WEAK_MOMENTUM;OPTION_NOT_RESPONDING,confirmation,-0.857,EVENT_INVALIDATED,1.804,-3.518,0.0,-13.8,DETECTED_EARLY,GENUINELY BAD SIGNAL (would have lost),0.906
2026-09-18,15:13:40,NIFTY,UP,MOMENTUM_EVENT,WEAK,MODE_A,False,CE 23400,False,WEAK_MOMENTUM;OPTION_NOT_RESPONDING,confirmation,-2.541,MOMENTUM_FAILURE,-0.353,-8.186,3.8,-12.4,DETECTED_LATE,GENUINELY BAD SIGNAL (would have lost),0.966
2026-09-18,15:18:35,NIFTY,DOWN,MOMENTUM_EVENT,WEAK,MODE_B,False,PE 23450,False,MODE_B_RESEARCH_ONLY;WEAK_MOMENTUM,expiry/time;confirmation,-1.331,EVENT_INVALIDATED,1.786,-2.486,5.4,-7.4,DETECTED_LATE,GENUINELY BAD SIGNAL (would have lost),1.31
2026-09-18,15:26:55,NIFTY,UP,MOMENTUM_EVENT,WEAK,MODE_B,False,CE 23400,False,MODE_B_RESEARCH_ONLY;WEAK_MOMENTUM,expiry/time;confirmation,-0.364,FUTURES_DIVERGENCE,2.185,-3.277,9.8,-4.0,DETECTED_EARLY,GENUINELY BAD SIGNAL (would have lost),6.688
2026-09-18,15:28:30,NIFTY,UP,CONTINUATION_EVENT,STRONG,MODE_B,False,CE 23450,False,MODE_B_RESEARCH_ONLY,expiry/time,-2.149,SESSION_END,0.512,-4.299,2.3,-5.5,DETECTED_LATE,GENUINELY BAD SIGNAL (would have lost),10.417
2026-09-18,14:55:40,SENSEX,DOWN,MOMENTUM_EVENT,WEAK,PRE,False,PE 74700,False,TIME_WINDOW_CLOSED;WEAK_MOMENTUM;OPTION_NOT_RESPONDING,expiry/time;confirmation,-0.037,FUTURES_DIVERGENCE,2.959,-3.481,45.55,0.0,DETECTED_EARLY,GENUINELY BAD SIGNAL (would have lost),0.496
2026-09-18,14:56:50,SENSEX,DOWN,MOMENTUM_EVENT,WEAK,PRE,False,PE 74700,False,TIME_WINDOW_CLOSED;WEAK_MOMENTUM;OPTION_NOT_RESPONDING,expiry/time;confirmation,-0.037,FUTURES_DIVERGENCE,3.974,-3.589,15.55,-30.0,DETECTED_LATE,GENUINELY BAD SIGNAL (would have lost),-0.279
2026-09-18,14:58:05,SENSEX,DOWN,CONTINUATION_EVENT,STRONG,PRE,False,PE 74700,False,TIME_WINDOW_CLOSED;OPTION_NOT_RESPONDING;NO_CONFIRMATION,expiry/time;confirmation,-2.936,MOMENTUM_FAILURE,2.875,-4.607,20.0,-30.0,DETECTED_LATE,GENUINELY BAD SIGNAL (would have lost),0.785
2026-09-18,14:59:05,SENSEX,DOWN,MOMENTUM_EVENT,WEAK,PRE,False,PE 74700,False,TIME_WINDOW_CLOSED;WEAK_MOMENTUM;OPTION_NOT_RESPONDING;NO_CONFIRMATION,expiry/time;confirmation,5.216,TARGET,6.513,0.089,23.25,-11.5,DETECTED_EARLY,MISSED PROFITABLE OPPORTUNITY,-2.571
2026-09-18,15:02:55,SENSEX,DOWN,MOMENTUM_EVENT,WEAK,MODE_A,False,PE 74600,False,WEAK_MOMENTUM;OPTION_NOT_RESPONDING,confirmation,1.348,TIME_EXIT,4.111,-1.851,0.0,0.0,NO_FOLLOW_THROUGH,PROFITABLE (other),0.307
2026-09-18,15:09:05,SENSEX,DOWN,MOMENTUM_EVENT,WEAK,MODE_A,False,PE 74600,False,WEAK_MOMENTUM,confirmation,-1.607,MOMENTUM_FAILURE,-0.128,-4.911,8.35,0.0,DETECTED_LATE,GENUINELY BAD SIGNAL (would have lost),1.322
2026-09-18,15:09:35,SENSEX,DOWN,CONTINUATION_EVENT,STRONG,MODE_A,False,PE 74700,False,NO_CONFIRMATION,confirmation,-0.126,TIME_EXIT,0.632,-3.493,8.35,-29.95,NO_FOLLOW_THROUGH,GENUINELY BAD SIGNAL (would have lost),5.606
2026-09-18,15:10:35,SENSEX,DOWN,CONTINUATION_EVENT,STRONG,MODE_A,False,PE 74700,False,NO_CONFIRMATION,confirmation,0.0,TIME_EXIT,0.069,-4.833,0.0,-38.3,NO_FOLLOW_THROUGH,GENUINELY BAD SIGNAL (would have lost),3.394
2026-09-18,15:14:45,SENSEX,UP,MOMENTUM_EVENT,WEAK,MODE_A,False,CE 74800,False,WEAK_MOMENTUM;OPTION_NOT_RESPONDING,confirmation,1.351,MOMENTUM_FADE,2.872,-2.303,14.95,0.0,DETECTED_LATE,PROFITABLE BUT LATE,0.176
2026-09-18,15:22:05,SENSEX,DOWN,MOMENTUM_EVENT,STRONG,MODE_B,False,PE 74700,False,MODE_B_RESEARCH_ONLY;OPTION_NOT_RESPONDING,expiry/time;confirmation,1.636,TIME_EXIT,1.636,-4.837,6.6,-2.4,DETECTED_LATE,PROFITABLE BUT LATE,-1.083
2026-09-18,15:23:05,SENSEX,DOWN,CONTINUATION_EVENT,STRONG,MODE_B,False,PE 74600,False,MODE_B_RESEARCH_ONLY,expiry/time,-1.63,TIME_EXIT,0.652,-7.251,0.0,-44.15,NO_FOLLOW_THROUGH,GENUINELY BAD SIGNAL (would have lost),2.134
2026-09-18,15:24:05,SENSEX,DOWN,CONTINUATION_EVENT,STRONG,MODE_B,False,PE 74700,False,MODE_B_RESEARCH_ONLY;OPTION_NOT_RESPONDING;NO_CONFIRMATION,expiry/time;confirmation,-1.86,MOMENTUM_FAILURE,-0.344,-7.416,0.0,-44.15,NO_FOLLOW_THROUGH,GENUINELY BAD SIGNAL (would have lost),0.529
2026-09-18,15:27:45,SENSEX,UP,MOMENTUM_EVENT,STRONG,MODE_B,False,CE 74700,False,MODE_B_RESEARCH_ONLY,expiry/time,-0.588,MOMENTUM_FAILURE,-0.261,-3.228,0.0,-17.75,NO_FOLLOW_THROUGH,GENUINELY BAD SIGNAL (would have lost),1.315
