max_adverse_pct,t_max_adverse,max_favourable_pct,t_max_favourable,end_ret_pct,adverse1_before_fav1,symbol,date,cohort,option_type,minute,action
-2.598870056497171,5,12.693032015065908,15,9.227871939736353,False,NIFTY,2026-07-20,11D_SHAPED_1500_1519,CE,15:00,BREAK_EXIT
-5.309161540951757,14,3.8847523470378675,4,-3.722887665911301,True,NIFTY,2026-07-20,11D_SHAPED_1500_1519,PE,15:01,BREAK_EXIT
-0.41782729805013297,5,5.048746518105873,12,5.048746518105873,False,NIFTY,2026-07-20,CLOSING_1515_1529,CE,15:17,BREAK_EXIT
-8.54700854700855,14,2.871794871794875,2,-8.54700854700855,False,NIFTY,2026-07-20,CLOSING_1515_1529,PE,15:15,BREAK_EXIT
-3.928247048138045,4,4.8762488646684865,14,3.491144414168934,False,SENSEX,2026-07-20,11D_SHAPED_1500_1519,CE,15:01,PREPARE_EXIT
-4.884043357701029,16,3.1257877489286656,5,-3.800100831862885,True,SENSEX,2026-07-20,11D_SHAPED_1500_1519,PE,15:00,PREPARE_EXIT
-2.716953042615222,5,1.2654301842317528,10,0.10545251535265532,True,SENSEX,2026-07-20,CLOSING_1515_1529,CE,15:17,PREPARE_EXIT
-3.7734745217340437,10,0.9828584800795515,2,-2.989527876908671,True,SENSEX,2026-07-20,CLOSING_1515_1529,PE,15:15,PREPARE_EXIT
-98.1549815498155,18,16.23616236162362,2,-98.1549815498155,False,NIFTY,2026-07-21,11D_SHAPED_1500_1519,CE,15:01,BREAK_EXIT
-51.74644243208281,3,0.0,1,-32.600258732212176,True,NIFTY,2026-07-21,11D_SHAPED_1500_1519,PE,15:00,BREAK_EXIT
-66.66666666666666,7,0.0,1,-66.66666666666666,True,NIFTY,2026-07-21,CLOSING_1515_1529,CE,15:15,BREAK_EXIT
-3.2921810699588328,5,8.641975308641992,9,1.0288065843621519,False,NIFTY,2026-07-21,CLOSING_1515_1529,PE,15:17,PREPARE_EXIT
-0.39947823251262893,10,5.405185064405682,18,5.405185064405682,False,SENSEX,2026-07-21,11D_SHAPED_1500_1519,CE,15:01,BREAK_EXIT
-3.087075242718451,19,4.808859223300965,11,-3.087075242718451,False,SENSEX,2026-07-21,11D_SHAPED_1500_1519,PE,15:00,BREAK_EXIT
-4.034713763702802,1,0.0,3,-2.6111449451887925,True,SENSEX,2026-07-21,CLOSING_1515_1529,CE,15:25,BREAK_EXIT
-2.787990196078438,8,1.4246323529411908,5,-0.8118872549019551,True,SENSEX,2026-07-21,CLOSING_1515_1529,PE,15:16,BREAK_EXIT
0.0,1,10.322094556413619,10,8.476172537200988,False,NIFTY,2026-07-23,11D_SHAPED_1500_1519,CE,15:05,BREAK_EXIT
-14.780241151302997,15,0.0,1,-12.952158693115523,True,NIFTY,2026-07-23,11D_SHAPED_1500_1519,PE,15:00,BREAK_EXIT
0.0,1,8.69374313940725,9,6.01536772777167,False,NIFTY,2026-07-23,CLOSING_1515_1529,CE,15:16,BREAK_EXIT
-2.8732394366197123,10,5.9906103286385015,1,-0.15023474178402774,False,NIFTY,2026-07-23,CLOSING_1515_1529,PE,15:15,BREAK_EXIT
0.0,1,127.39775606225115,9,99.99999999999996,False,SENSEX,2026-07-23,11D_SHAPED_1500_1519,CE,15:00,BREAK_EXIT
-97.78672032193158,15,0.0,1,-97.78672032193158,True,SENSEX,2026-07-23,11D_SHAPED_1500_1519,PE,15:01,BREAK_EXIT
-8.026159334126037,2,110.87990487514863,13,110.87990487514863,True,SENSEX,2026-07-23,CLOSING_1515_1529,CE,15:16,PREPARE_EXIT
-95.38461538461537,9,92.3076923076923,2,-95.38461538461537,False,SENSEX,2026-07-23,CLOSING_1515_1529,PE,15:15,BREAK_EXIT
0.0,1,12.31437884824338,19,12.31437884824338,False,NIFTY,2026-07-27,11D_SHAPED_1500_1519,CE,15:00,BREAK_EXIT
-16.28420123565756,18,0.0,9,-16.28420123565756,True,NIFTY,2026-07-27,11D_SHAPED_1500_1519,PE,15:01,BREAK_EXIT
0.0,2,15.046059365404307,13,15.046059365404307,False,NIFTY,2026-07-27,CLOSING_1515_1529,CE,15:16,BREAK_EXIT
-11.924119241192422,14,4.6409214092140605,1,-11.924119241192422,False,NIFTY,2026-07-27,CLOSING_1515_1529,PE,15:15,BREAK_EXIT
-1.7810760667903547,5,3.5374149659864074,14,3.531230674087804,True,SENSEX,2026-07-27,11D_SHAPED_1500_1519,CE,15:03,PREPARE_EXIT
-8.283571726149141,19,0.8054436883766058,8,-8.283571726149141,True,SENSEX,2026-07-27,11D_SHAPED_1500_1519,PE,15:00,PREPARE_EXIT
-0.2689437235258385,1,0.18826060646808251,2,0.18826060646808251,,SENSEX,2026-07-27,CLOSING_1515_1529,CE,15:27,PREPARE_EXIT
-5.605670103092786,14,0.0,1,-5.605670103092786,True,SENSEX,2026-07-27,CLOSING_1515_1529,PE,15:15,BREAK_EXIT
0.0,15,15.032341526520065,7,1.8111254851228997,False,NIFTY,2026-07-30,11D_SHAPED_1500_1519,CE,15:01,BREAK_EXIT
-8.612339439882078,8,2.653190145293749,18,2.5268477574226234,True,NIFTY,2026-07-30,11D_SHAPED_1500_1519,PE,15:00,BREAK_EXIT
-1.9269269269269418,1,7.4824824824824665,11,7.057057057057037,True,NIFTY,2026-07-30,CLOSING_1515_1529,CE,15:15,BREAK_EXIT
-3.561585753656993,9,0.0,2,-3.561585753656993,True,NIFTY,2026-07-30,CLOSING_1515_1529,PE,15:20,BREAK_EXIT
-31.490787269681743,1,269.17922948073704,12,215.13121161362366,True,SENSEX,2026-07-30,11D_SHAPED_1500_1519,CE,15:00,BREAK_EXIT
-99.11591355599214,17,0.0,1,-99.11591355599214,True,SENSEX,2026-07-30,11D_SHAPED_1500_1519,PE,15:01,PREPARE_EXIT
-16.676217765042978,1,230.3151862464184,12,184.8137535816619,True,SENSEX,2026-07-30,CLOSING_1515_1529,CE,15:15,BREAK_EXIT
-96.84210526315789,13,75.78947368421056,1,-96.84210526315789,False,SENSEX,2026-07-30,CLOSING_1515_1529,PE,15:15,PREPARE_EXIT
-6.084489281210614,12,3.4047919293820783,4,-4.476670870113509,False,NIFTY,2026-07-31,11D_SHAPED_1500_1519,CE,15:04,BREAK_EXIT
-9.364717792963805,8,0.0,16,-0.9364717792963884,True,NIFTY,2026-07-31,11D_SHAPED_1500_1519,PE,15:00,PREPARE_EXIT
-15.804327375352766,14,0.0,3,-15.804327375352766,True,NIFTY,2026-07-31,CLOSING_1515_1529,CE,15:15,PREPARE_EXIT
-1.5801948907031904,6,5.188306557808797,11,5.188306557808797,False,NIFTY,2026-07-31,CLOSING_1515_1529,PE,15:18,PREPARE_EXIT
-2.2702702702702804,11,2.8620199146514924,2,-1.5021337126600365,False,SENSEX,2026-07-31,11D_SHAPED_1500_1519,CE,15:06,BREAK_EXIT
-8.02294030587074,8,0.09866798223976403,19,0.09866798223976403,True,SENSEX,2026-07-31,11D_SHAPED_1500_1519,PE,15:00,BREAK_EXIT
-7.760444209413009,13,1.8707033315705779,8,-7.760444209413009,False,SENSEX,2026-07-31,CLOSING_1515_1529,CE,15:16,BREAK_EXIT
-3.034000776526724,3,2.318486882245274,8,2.318486882245274,True,SENSEX,2026-07-31,CLOSING_1515_1529,PE,15:21,PREPARE_EXIT
-14.256304683479149,8,0.6176016469377155,2,-11.888831703551217,True,NIFTY,2026-08-03,11D_SHAPED_1500_1519,CE,15:00,BREAK_EXIT
-6.785243741765489,8,1.2845849802371356,2,-1.449275362318836,False,NIFTY,2026-08-03,11D_SHAPED_1500_1519,PE,15:09,PREPARE_EXIT
-13.011283497884351,11,0.8462623413258097,2,-6.699576868829338,True,NIFTY,2026-08-03,CLOSING_1515_1529,CE,15:15,BREAK_EXIT
-8.65639936271907,12,7.010090281465731,9,-8.65639936271907,False,NIFTY,2026-08-03,CLOSING_1515_1529,PE,15:17,BREAK_EXIT
-13.125877398221785,9,0.5069411948214197,2,-8.766183122757731,True,SENSEX,2026-08-03,11D_SHAPED_1500_1519,CE,15:00,PREPARE_EXIT
0.0,5,2.838499184339316,4,1.3115823817291927,False,SENSEX,2026-08-03,11D_SHAPED_1500_1519,PE,15:12,BREAK_EXIT
-6.513661202185794,11,0.20400728597451678,3,-5.435336976320581,True,SENSEX,2026-08-03,CLOSING_1515_1529,CE,15:15,PREPARE_EXIT
-7.538289129622722,12,1.0833022039596463,2,-7.538289129622722,False,SENSEX,2026-08-03,CLOSING_1515_1529,PE,15:17,BREAK_EXIT
-7.06860706860708,4,41.37214137214136,15,-0.8316008316008205,False,NIFTY,2026-08-04,11D_SHAPED_1500_1519,CE,15:00,PREPARE_EXIT
-3.2818532818532864,19,27.70270270270272,5,-3.2818532818532864,False,NIFTY,2026-08-04,11D_SHAPED_1500_1519,PE,15:00,BREAK_EXIT
-18.181818181818155,2,161.00628930817615,12,161.00628930817615,True,NIFTY,2026-08-04,CLOSING_1515_1529,CE,15:17,BREAK_EXIT
-98.82697947214076,14,4.203323558162264,3,-98.82697947214076,False,NIFTY,2026-08-04,CLOSING_1515_1529,PE,15:15,PREPARE_EXIT
-4.244673983214986,4,10.740800516462246,14,6.584893479664311,True,SENSEX,2026-08-04,11D_SHAPED_1500_1519,CE,15:01,BREAK_EXIT
-12.158519705689507,15,13.455234209951183,5,-6.825963429737014,False,SENSEX,2026-08-04,11D_SHAPED_1500_1519,PE,15:00,BREAK_EXIT
-5.319069349891537,10,0.0,3,-3.0074062990947836,True,SENSEX,2026-08-04,CLOSING_1515_1529,CE,15:17,BREAK_EXIT
0.0,14,8.334715541549166,6,0.07463924365564978,False,SENSEX,2026-08-04,CLOSING_1515_1529,PE,15:15,BREAK_EXIT
-0.3861600247142216,1,14.890330552981146,15,7.92400370713624,False,NIFTY,2026-08-05,11D_SHAPED_1500_1519,CE,15:00,PREPARE_EXIT
-26.434878587196476,12,0.0,2,-17.089771891096394,True,NIFTY,2026-08-05,11D_SHAPED_1500_1519,PE,15:03,BREAK_EXIT
-2.5036818851251863,10,3.97643593519883,5,-0.31559015358721965,False,NIFTY,2026-08-05,CLOSING_1515_1529,CE,15:16,BREAK_EXIT
0.0,6,15.593336767988998,11,8.68967885969434,False,NIFTY,2026-08-05,CLOSING_1515_1529,PE,15:15,BREAK_EXIT
-2.0912816165041592,1,30.7828175780698,15,12.180302388017505,True,SENSEX,2026-08-05,11D_SHAPED_1500_1519,CE,15:00,PREPARE_EXIT
-43.09213329924145,13,1.431858859626689,3,-21.08582630188357,True,SENSEX,2026-08-05,11D_SHAPED_1500_1519,PE,15:02,PREPARE_EXIT
-12.879914984059514,10,13.61317747077575,1,-3.8788522848034024,False,SENSEX,2026-08-05,CLOSING_1515_1529,CE,15:16,BREAK_EXIT
0.0,12,37.35555183386368,1,22.073354546977075,False,SENSEX,2026-08-05,CLOSING_1515_1529,PE,15:15,BREAK_EXIT
-0.30601092896174187,3,6.229508196721301,15,6.142076502732241,False,NIFTY,2026-08-06,11D_SHAPED_1500_1519,CE,15:03,PREPARE_EXIT
-9.700144508670528,17,2.998554913294793,6,-7.550578034682099,True,NIFTY,2026-08-06,11D_SHAPED_1500_1519,PE,15:00,BREAK_EXIT
-0.6775354647469811,6,2.9853906415413967,4,-0.14821088291340212,False,NIFTY,2026-08-06,CLOSING_1515_1529,CE,15:20,PREPARE_EXIT
-6.192531431788328,2,1.5387502345656001,5,-3.978232313754926,True,NIFTY,2026-08-06,CLOSING_1515_1529,PE,15:15,PREPARE_EXIT
-11.661576744712143,3,56.64517588508089,18,53.342382083474725,False,SENSEX,2026-08-06,11D_SHAPED_1500_1519,CE,15:00,BREAK_EXIT
-39.20850128252108,17,19.079027726884078,2,-33.88298522047148,False,SENSEX,2026-08-06,11D_SHAPED_1500_1519,PE,15:01,BREAK_EXIT
-64.64128843338214,9,57.66576030119219,4,-64.64128843338214,True,SENSEX,2026-08-06,CLOSING_1515_1529,CE,15:20,BREAK_EXIT
-87.51971608832808,14,0.0,1,-87.51971608832808,True,SENSEX,2026-08-06,CLOSING_1515_1529,PE,15:15,PREPARE_EXIT
0.0,13,9.461358313817314,10,1.1943793911006972,False,NIFTY,2026-08-07,11D_SHAPED_1500_1519,CE,15:06,PREPARE_EXIT
-16.59118979003703,16,0.0,1,-10.107039934129268,True,NIFTY,2026-08-07,11D_SHAPED_1500_1519,PE,15:00,BREAK_EXIT
-7.870572802798426,12,0.0,1,-7.870572802798426,True,NIFTY,2026-08-07,CLOSING_1515_1529,CE,15:17,PREPARE_EXIT
-0.5400098183603208,1,7.191948944526261,4,4.860088365243032,False,NIFTY,2026-08-07,CLOSING_1515_1529,PE,15:15,BREAK_EXIT
0.0,1,9.786405828925048,10,7.4608244335762075,False,SENSEX,2026-08-07,11D_SHAPED_1500_1519,CE,15:06,PREPARE_EXIT
-17.993287582026753,15,0.0,1,-13.995892400941734,True,SENSEX,2026-08-07,11D_SHAPED_1500_1519,PE,15:00,BREAK_EXIT
-6.307920741385475,12,0.09216117966310833,3,-6.307920741385475,True,SENSEX,2026-08-07,CLOSING_1515_1529,CE,15:17,PREPARE_EXIT
0.0,1,7.077462858395922,6,5.1696727153116795,False,SENSEX,2026-08-07,CLOSING_1515_1529,PE,15:15,BREAK_EXIT
-3.797054009819978,2,7.659574468085095,15,3.5351882160392867,True,NIFTY,2026-08-10,11D_SHAPED_1500_1519,CE,15:00,BREAK_EXIT
-0.6673691605198595,12,9.905163329820855,9,2.3182297154900056,False,NIFTY,2026-08-10,11D_SHAPED_1500_1519,PE,15:03,BREAK_EXIT
-1.3747954173486066,10,3.8625204582651174,2,-0.2618657937806912,False,NIFTY,2026-08-10,CLOSING_1515_1529,CE,15:16,BREAK_EXIT
-3.323903818953311,12,4.738330975954774,1,-1.8033946251767907,False,NIFTY,2026-08-10,CLOSING_1515_1529,PE,15:15,BREAK_EXIT
-1.553109193692348,1,8.759297828027357,14,6.688485569770908,True,SENSEX,2026-08-10,11D_SHAPED_1500_1519,CE,15:01,PREPARE_EXIT
-2.8348397699260564,12,5.032867707477395,8,-0.8353875650506937,False,SENSEX,2026-08-10,11D_SHAPED_1500_1519,PE,15:03,BREAK_EXIT
-1.0411311053984407,10,2.037275064267363,1,0.3470437017994987,False,SENSEX,2026-08-10,CLOSING_1515_1529,CE,15:16,BREAK_EXIT
0.0,9,3.376105643453342,1,2.1178522486607676,False,SENSEX,2026-08-10,CLOSING_1515_1529,PE,15:15,BREAK_EXIT
-88.86844526218951,16,7.359705611775524,1,-81.50873965041399,False,NIFTY,2026-08-11,11D_SHAPED_1500_1519,CE,15:02,PREPARE_EXIT
-10.290237467018482,3,32.5857519788918,18,17.348284960422134,True,NIFTY,2026-08-11,11D_SHAPED_1500_1519,PE,15:00,BREAK_EXIT
-98.83870967741936,14,0.0,1,-98.83870967741936,True,NIFTY,2026-08-11,CLOSING_1515_1529,CE,15:15,BREAK_EXIT
-40.47217537942663,5,22.48454187745925,2,-31.928049465992125,False,NIFTY,2026-08-11,CLOSING_1515_1529,PE,15:19,PREPARE_EXIT
-1.3208005834211,16,3.7436188315371766,2,-1.3208005834211,False,SENSEX,2026-08-11,11D_SHAPED_1500_1519,CE,15:03,BREAK_EXIT
-1.6616437240368098,5,4.2111264967011675,4,2.1503624664005905,False,SENSEX,2026-08-11,11D_SHAPED_1500_1519,PE,15:00,BREAK_EXIT
-9.117128665277995,13,0.0,1,-9.117128665277995,True,SENSEX,2026-08-11,CLOSING_1515_1529,CE,15:16,PREPARE_EXIT
0.0,1,2.556011360050503,4,1.6961186494162117,False,SENSEX,2026-08-11,CLOSING_1515_1529,PE,15:23,BREAK_EXIT
-9.295952782462047,8,0.8220910623946143,13,-0.6745362563237767,True,NIFTY,2026-08-12,11D_SHAPED_1500_1519,CE,15:01,PREPARE_EXIT
-3.1015218647659437,15,8.245039491427475,9,-2.8896166441918725,False,NIFTY,2026-08-12,11D_SHAPED_1500_1519,PE,15:00,BREAK_EXIT
-2.695871946082562,2,1.8112889637742047,6,1.5374894692502084,True,NIFTY,2026-08-12,CLOSING_1515_1529,CE,15:15,PREPARE_EXIT
-2.2862823061630233,14,2.0079522862822774,2,-2.2862823061630233,False,NIFTY,2026-08-12,CLOSING_1515_1529,PE,15:15,BREAK_EXIT
-15.313088512241047,4,2.660075329566869,10,-2.106873822975497,True,SENSEX,2026-08-12,11D_SHAPED_1500_1519,CE,15:01,PREPARE_EXIT
-7.853750138075766,15,7.699105268971618,5,-7.787473765602559,False,SENSEX,2026-08-12,11D_SHAPED_1500_1519,PE,15:00,BREAK_EXIT
-5.092927830074833,1,6.854936036688386,6,5.599806903210225,True,SENSEX,2026-08-12,CLOSING_1515_1529,CE,15:16,PREPARE_EXIT
-8.091584751858072,13,4.039798609446166,2,-7.875809158475189,False,SENSEX,2026-08-12,CLOSING_1515_1529,PE,15:15,BREAK_EXIT
0.0,7,5.753052917232027,14,5.427408412483037,False,NIFTY,2026-08-13,11D_SHAPED_1500_1519,CE,15:00,BREAK_EXIT
-6.345583200182626,18,0.8902077151335286,6,-6.345583200182626,True,NIFTY,2026-08-13,11D_SHAPED_1500_1519,PE,15:01,PREPARE_EXIT
-3.1989596879063553,8,1.040312093628093,4,-0.2600780234070177,False,NIFTY,2026-08-13,CLOSING_1515_1529,CE,15:15,PREPARE_EXIT
-2.8185693983894144,3,2.8422548555187,9,-1.8948365703458037,True,NIFTY,2026-08-13,CLOSING_1515_1529,PE,15:16,PREPARE_EXIT
-39.89949748743719,19,45.326633165829165,2,-39.89949748743719,False,SENSEX,2026-08-13,11D_SHAPED_1500_1519,CE,15:00,BREAK_EXIT
-19.10702560735391,5,13.591595535128032,13,3.676953381483883,True,SENSEX,2026-08-13,11D_SHAPED_1500_1519,PE,15:01,BREAK_EXIT
-75.96754057428214,9,303.80774032459436,14,303.80774032459436,False,SENSEX,2026-08-13,CLOSING_1515_1529,CE,15:15,BREAK_EXIT
-98.54714064914992,12,14.281298299845457,3,-98.54714064914992,True,SENSEX,2026-08-13,CLOSING_1515_1529,PE,15:17,BREAK_EXIT
-5.792577176552194,6,2.254595907041246,13,1.7689906347554407,False,NIFTY,2026-08-14,11D_SHAPED_1500_1519,CE,15:00,PREPARE_EXIT
0.0,11,4.679144385026746,9,0.3208556149732811,False,NIFTY,2026-08-14,11D_SHAPED_1500_1519,PE,15:08,BREAK_EXIT
-4.234640749739693,1,1.8396390142311647,3,-1.2842762929538565,True,NIFTY,2026-08-14,CLOSING_1515_1529,CE,15:16,PREPARE_EXIT
-0.6881948120698533,4,3.6262572789836023,2,2.9645314981471715,False,NIFTY,2026-08-14,CLOSING_1515_1529,PE,15:15,PREPARE_EXIT
-0.6468483347095932,6,5.814753647123605,19,5.814753647123605,False,SENSEX,2026-08-14,11D_SHAPED_1500_1519,CE,15:00,BREAK_EXIT
0.0,1,4.5518029456577125,4,2.640934484509927,False,SENSEX,2026-08-14,11D_SHAPED_1500_1519,PE,15:02,BREAK_EXIT
-0.28664755682954457,1,2.5064995666955525,2,0.14665688954071943,False,SENSEX,2026-08-14,CLOSING_1515_1529,CE,15:17,BREAK_EXIT
-1.459673428995556,7,1.212271152894595,10,1.212271152894595,False,SENSEX,2026-08-14,CLOSING_1515_1529,PE,15:19,PREPARE_EXIT
0.0,19,17.586837294332724,12,2.0840950639853695,False,NIFTY,2026-08-17,11D_SHAPED_1500_1519,CE,15:00,BREAK_EXIT
-2.093944538766268,1,8.488964346349736,17,8.488964346349736,True,NIFTY,2026-08-17,11D_SHAPED_1500_1519,PE,15:02,PREPARE_EXIT
-23.544564657393117,14,0.0,1,-23.544564657393117,True,NIFTY,2026-08-17,CLOSING_1515_1529,CE,15:15,BREAK_EXIT
0.0,2,16.244870041039672,5,16.244870041039672,False,NIFTY,2026-08-17,CLOSING_1515_1529,PE,15:24,BREAK_EXIT
0.0,1,8.014571948998196,12,1.3281724347298018,False,SENSEX,2026-08-17,11D_SHAPED_1500_1519,CE,15:00,BREAK_EXIT
-2.283142389525372,10,4.566284779050744,16,4.263502454991808,True,SENSEX,2026-08-17,11D_SHAPED_1500_1519,PE,15:02,BREAK_EXIT
-12.562526797198814,14,0.0,1,-12.562526797198814,True,SENSEX,2026-08-17,CLOSING_1515_1529,CE,15:15,PREPARE_EXIT
0.0,2,8.771379256237255,3,8.771379256237255,False,SENSEX,2026-08-17,CLOSING_1515_1529,PE,15:26,BREAK_EXIT
-4.633956386292848,3,0.0,14,-0.5451713395638658,True,NIFTY,2026-08-19,11D_SHAPED_1500_1519,CE,15:05,BREAK_EXIT
-5.141269106067625,3,4.075961093098646,16,-1.11162575266327,True,NIFTY,2026-08-19,11D_SHAPED_1500_1519,PE,15:00,BREAK_EXIT
0.0,1,5.158002038735976,13,1.7125382262996869,False,NIFTY,2026-08-19,CLOSING_1515_1529,CE,15:15,BREAK_EXIT
-5.550541516245488,11,0.0,1,-2.9557761732852073,True,NIFTY,2026-08-19,CLOSING_1515_1529,PE,15:17,PREPARE_EXIT
-10.184063937999511,2,0.0,10,-1.5621215790748377,True,SENSEX,2026-08-19,11D_SHAPED_1500_1519,CE,15:04,PREPARE_EXIT
-5.42710784992384,3,8.888273570538562,15,2.0628547694863775,True,SENSEX,2026-08-19,11D_SHAPED_1500_1519,PE,15:00,PREPARE_EXIT
-0.0789785441621893,1,7.779386599973659,13,3.554034487297608,False,SENSEX,2026-08-19,CLOSING_1515_1529,CE,15:15,BREAK_EXIT
-6.824494114535118,11,0.0,6,-5.012564475598458,True,SENSEX,2026-08-19,CLOSING_1515_1529,PE,15:17,BREAK_EXIT
-9.533417402269862,11,0.0,4,-6.784363177805797,True,NIFTY,2026-08-20,11D_SHAPED_1500_1519,CE,15:00,PREPARE_EXIT
-2.3649556570814356,1,1.2362268207471105,7,1.2362268207471105,True,NIFTY,2026-08-20,11D_SHAPED_1500_1519,PE,15:12,BREAK_EXIT
-6.4369658119658,5,0.0,1,-4.246794871794868,True,NIFTY,2026-08-20,CLOSING_1515_1529,CE,15:18,BREAK_EXIT
-0.3899142188718341,6,1.0137769690668152,1,-0.2599428125812375,False,NIFTY,2026-08-20,CLOSING_1515_1529,PE,15:22,PREPARE_EXIT
-31.80076628352492,10,10.089399744572125,1,-30.39591315453385,False,SENSEX,2026-08-20,11D_SHAPED_1500_1519,CE,15:01,BREAK_EXIT
0.0,3,48.05864784143359,11,32.120553896280214,False,SENSEX,2026-08-20,11D_SHAPED_1500_1519,PE,15:00,BREAK_EXIT
-57.04697986577182,8,18.34451901565992,1,-35.533184190902325,False,SENSEX,2026-08-20,CLOSING_1515_1529,CE,15:16,BREAK_EXIT
-90.29663147310207,12,56.41025641025643,7,-90.29663147310207,False,SENSEX,2026-08-20,CLOSING_1515_1529,PE,15:17,BREAK_EXIT
-0.8870692596383511,2,2.115319003752991,4,0.13647219379051556,False,NIFTY,2026-08-21,11D_SHAPED_1500_1519,CE,15:03,PREPARE_EXIT
-2.013621557595502,2,2.724311519099798,14,1.006810778797762,True,NIFTY,2026-08-21,11D_SHAPED_1500_1519,PE,15:00,BREAK_EXIT
-3.886805318786235,11,0.13637913399251467,4,-1.4319809069212375,True,NIFTY,2026-08-21,CLOSING_1515_1529,CE,15:17,PREPARE_EXIT
-3.398345153664306,5,1.7434988179669153,2,-1.3297872340425565,False,NIFTY,2026-08-21,CLOSING_1515_1529,PE,15:15,BREAK_EXIT
-1.4644485837240762,7,1.0726443573768174,15,1.0726443573768174,True,SENSEX,2026-08-21,11D_SHAPED_1500_1519,CE,15:04,PREPARE_EXIT
-2.3794348842149926,8,0.941859641668441,14,0.2549394518801984,True,SENSEX,2026-08-21,11D_SHAPED_1500_1519,PE,15:00,PREPARE_EXIT
-2.108453156231871,8,0.4320072216132509,1,-1.2379908440260712,True,SENSEX,2026-08-21,CLOSING_1515_1529,CE,15:20,BREAK_EXIT
-1.377882487327764,11,1.7419861497822486,2,-0.5140286999357535,False,SENSEX,2026-08-21,CLOSING_1515_1529,PE,15:15,BREAK_EXIT
-10.912698412698418,16,32.53968253968256,12,10.813492063492047,False,NIFTY,2026-08-25,11D_SHAPED_1500_1519,CE,15:00,BREAK_EXIT
-52.25334957369061,17,0.0,4,-52.25334957369061,True,NIFTY,2026-08-25,11D_SHAPED_1500_1519,PE,15:02,PREPARE_EXIT
-13.152804642166348,1,227.4661508704062,13,226.78916827852996,True,NIFTY,2026-08-25,CLOSING_1515_1529,CE,15:15,BREAK_EXIT
-97.82178217821782,11,0.0,1,-97.82178217821782,True,NIFTY,2026-08-25,CLOSING_1515_1529,PE,15:17,BREAK_EXIT
-0.866235068842891,1,15.765478252940635,19,15.765478252940635,False,SENSEX,2026-08-25,11D_SHAPED_1500_1519,CE,15:00,BREAK_EXIT
-11.552863436123351,17,0.0,6,-11.552863436123351,True,SENSEX,2026-08-25,11D_SHAPED_1500_1519,PE,15:02,BREAK_EXIT
0.0,2,14.5385450597177,6,12.225841476655797,False,SENSEX,2026-08-25,CLOSING_1515_1529,CE,15:15,BREAK_EXIT
-12.29187071498531,13,1.0284035259549462,1,-12.29187071498531,False,SENSEX,2026-08-25,CLOSING_1515_1529,PE,15:16,PREPARE_EXIT
-10.17039403620874,14,0.0,1,-5.111821086261992,True,NIFTY,2026-08-27,11D_SHAPED_1500_1519,CE,15:03,PREPARE_EXIT
-1.3555291319857332,1,13.412604042806176,15,4.970273483947674,True,NIFTY,2026-08-27,11D_SHAPED_1500_1519,PE,15:00,BREAK_EXIT
-17.337318923890543,13,5.035640377098183,4,-16.256610715106913,False,NIFTY,2026-08-27,CLOSING_1515_1529,CE,15:15,PREPARE_EXIT
-7.235772357723569,2,22.4119241192412,10,20.08130081300814,True,NIFTY,2026-08-27,CLOSING_1515_1529,PE,15:17,PREPARE_EXIT
-39.565741857659845,7,0.0,13,-20.989143546441504,True,SENSEX,2026-08-27,11D_SHAPED_1500_1519,CE,15:02,PREPARE_EXIT
0.0,1,61.724608043626475,14,20.927062031356503,False,SENSEX,2026-08-27,11D_SHAPED_1500_1519,PE,15:00,BREAK_EXIT
-95.28816199376948,10,9.267912772585674,1,-94.8208722741433,False,SENSEX,2026-08-27,CLOSING_1515_1529,CE,15:17,BREAK_EXIT
0.0,4,456.07344632768365,12,364.2090395480227,False,SENSEX,2026-08-27,CLOSING_1515_1529,PE,15:15,BREAK_EXIT
-6.542056074766345,2,27.073598130841138,12,18.75000000000002,True,NIFTY,2026-08-28,11D_SHAPED_1500_1519,CE,15:00,BREAK_EXIT
-25.608856088560895,8,1.1808118081180874,1,-22.853628536285353,False,NIFTY,2026-08-28,11D_SHAPED_1500_1519,PE,15:04,PREPARE_EXIT
-1.8677807815187908,3,10.715163430818397,6,3.588105185549284,True,NIFTY,2026-08-28,CLOSING_1515_1529,CE,15:15,PREPARE_EXIT
-18.40255591054313,12,0.191693290734829,3,-13.64217252396166,True,NIFTY,2026-08-28,CLOSING_1515_1529,PE,15:16,BREAK_EXIT
-4.068022674224736,2,21.347115705235066,12,18.55285095031678,True,SENSEX,2026-08-28,11D_SHAPED_1500_1519,CE,15:00,BREAK_EXIT
-20.943134535367548,11,1.1904761904761862,1,-19.330790568654642,False,SENSEX,2026-08-28,11D_SHAPED_1500_1519,PE,15:04,PREPARE_EXIT
0.0,11,8.584716749563981,2,0.2325431173696879,False,SENSEX,2026-08-28,CLOSING_1515_1529,CE,15:18,BREAK_EXIT
-9.550307343901643,6,3.2804917502426534,3,-4.568100938207698,False,SENSEX,2026-08-28,CLOSING_1515_1529,PE,15:15,BREAK_EXIT
-17.386320213985485,16,14.787925105082156,2,-14.520443255636229,False,NIFTY,2026-08-31,11D_SHAPED_1500_1519,CE,15:00,BREAK_EXIT
0.0,6,15.858895705521459,3,10.521472392638032,False,NIFTY,2026-08-31,11D_SHAPED_1500_1519,PE,15:02,BREAK_EXIT
-22.4084419615146,13,33.98510242085659,5,-17.008069522036017,True,NIFTY,2026-08-31,CLOSING_1515_1529,CE,15:15,BREAK_EXIT
-32.61913557443664,3,2.2534170668636833,11,-7.351311414850381,True,NIFTY,2026-08-31,CLOSING_1515_1529,PE,15:17,BREAK_EXIT
-9.582798459563534,16,4.865211810012826,2,-8.305519897304237,False,SENSEX,2026-08-31,11D_SHAPED_1500_1519,CE,15:00,BREAK_EXIT
0.0,6,9.27404312467357,14,7.244646720883385,False,SENSEX,2026-08-31,11D_SHAPED_1500_1519,PE,15:02,BREAK_EXIT
-11.170360110803335,13,11.24653739612189,5,-8.497229916897497,True,SENSEX,2026-08-31,CLOSING_1515_1529,CE,15:15,BREAK_EXIT
-10.626644853830292,2,2.9091685041610527,10,-0.8393200085354713,False,SENSEX,2026-08-31,CLOSING_1515_1529,PE,15:18,BREAK_EXIT
-19.160104986876647,4,18.722659667541542,14,9.623797025371816,True,NIFTY,2026-09-01,11D_SHAPED_1500_1519,CE,15:00,BREAK_EXIT
-6.413994169096215,1,23.323615160349863,12,4.300291545189516,True,NIFTY,2026-09-01,11D_SHAPED_1500_1519,PE,15:05,BREAK_EXIT
-2.938295788442702,1,193.04603330068568,9,115.9647404505387,True,NIFTY,2026-09-01,CLOSING_1515_1529,CE,15:15,BREAK_EXIT
-99.42159383033419,14,8.740359897172233,2,-99.42159383033419,False,NIFTY,2026-09-01,CLOSING_1515_1529,PE,15:15,PREPARE_EXIT
-6.2750690792405805,10,0.0,6,-3.3158035475532643,True,SENSEX,2026-09-01,11D_SHAPED_1500_1519,CE,15:00,BREAK_EXIT
-0.44330775788576915,16,5.268542199488513,8,1.0400682011935336,False,SENSEX,2026-09-01,11D_SHAPED_1500_1519,PE,15:02,PREPARE_EXIT
-4.628949301983843,6,0.8174136664217402,13,0.8174136664217402,True,SENSEX,2026-09-01,CLOSING_1515_1529,CE,15:16,BREAK_EXIT
-8.899991531882478,14,0.5334914048606754,1,-8.899991531882478,True,SENSEX,2026-09-01,CLOSING_1515_1529,PE,15:15,BREAK_EXIT
-6.295093795093787,4,4.058441558441572,10,0.3066378066377995,True,NIFTY,2026-09-02,11D_SHAPED_1500_1519,CE,15:01,PREPARE_EXIT
-9.8782678108162,4,0.0,1,-5.966872879664731,True,NIFTY,2026-09-02,11D_SHAPED_1500_1519,PE,15:08,BREAK_EXIT
-8.407367280606714,11,0.0,4,-5.135427952329374,True,NIFTY,2026-09-02,CLOSING_1515_1529,CE,15:16,PREPARE_EXIT
-1.5099766313140361,7,3.2356642099586663,11,-0.808916052489661,False,NIFTY,2026-09-02,CLOSING_1515_1529,PE,15:16,PREPARE_EXIT
-5.221031892624062,3,19.702007141977585,11,9.703238517423962,True,SENSEX,2026-09-02,11D_SHAPED_1500_1519,CE,15:01,BREAK_EXIT
-15.786781256394523,9,6.322897483118495,2,-10.660937180274189,False,SENSEX,2026-09-02,11D_SHAPED_1500_1519,PE,15:03,BREAK_EXIT
-15.321049692908995,13,2.635399218313772,5,-0.20100502512562235,True,SENSEX,2026-09-02,CLOSING_1515_1529,CE,15:15,BREAK_EXIT
-9.469956591272567,11,5.940141649531627,9,-9.469956591272567,True,SENSEX,2026-09-02,CLOSING_1515_1529,PE,15:18,BREAK_EXIT
-4.265967588179231,8,3.741658722592933,17,3.026692087702565,False,NIFTY,2026-09-03,11D_SHAPED_1500_1519,CE,15:00,PREPARE_EXIT
-6.787741203178199,18,5.266742338251973,4,-6.787741203178199,False,NIFTY,2026-09-03,11D_SHAPED_1500_1519,PE,15:01,BREAK_EXIT
-14.610466493014428,9,0.0,3,-14.610466493014428,True,NIFTY,2026-09-03,CLOSING_1515_1529,CE,15:20,BREAK_EXIT
-1.1078998073217772,4,20.905587668593427,14,20.905587668593427,True,NIFTY,2026-09-03,CLOSING_1515_1529,PE,15:15,BREAK_EXIT
-31.100897351718103,4,37.75443204202234,13,23.4624644342307,True,SENSEX,2026-09-03,11D_SHAPED_1500_1519,CE,15:01,PREPARE_EXIT
-24.015577672003463,14,29.294677628732146,5,-9.454781479878848,False,SENSEX,2026-09-03,11D_SHAPED_1500_1519,PE,15:00,BREAK_EXIT
-99.91141034727143,13,0.0,3,-99.91141034727143,True,SENSEX,2026-09-03,CLOSING_1515_1529,CE,15:16,BREAK_EXIT
-1.7720895889736576,1,348.01870539010577,12,339.9458528181147,True,SENSEX,2026-09-03,CLOSING_1515_1529,PE,15:15,BREAK_EXIT
-1.0947997014182587,4,4.05573525752676,12,1.443145060960438,False,NIFTY,2026-09-04,11D_SHAPED_1500_1519,CE,15:01,BREAK_EXIT
-4.095453079651734,15,3.2570138664946624,3,-2.418574653337635,False,NIFTY,2026-09-04,11D_SHAPED_1500_1519,PE,15:02,PREPARE_EXIT
-19.759114583333325,5,1.2695312500000222,2,-17.740885416666664,True,NIFTY,2026-09-04,CLOSING_1515_1529,CE,15:15,BREAK_EXIT
-2.1739130434782705,1,14.617691154422797,4,8.795602198900522,True,NIFTY,2026-09-04,CLOSING_1515_1529,PE,15:16,PREPARE_EXIT
-1.4782555357909843,10,0.8342022940563076,6,-0.46617187020795425,True,SENSEX,2026-09-04,11D_SHAPED_1500_1519,CE,15:00,PREPARE_EXIT
-0.6289692232535282,13,2.6563263312164187,7,0.1893014167073881,False,SENSEX,2026-09-04,11D_SHAPED_1500_1519,PE,15:03,PREPARE_EXIT
-0.7573689956331786,9,4.858078602620086,7,-0.7573689956331786,False,SENSEX,2026-09-04,CLOSING_1515_1529,CE,15:20,BREAK_EXIT
0.0,11,8.885884594112948,4,4.0250722054937516,False,SENSEX,2026-09-04,CLOSING_1515_1529,PE,15:16,BREAK_EXIT
-6.599513720041683,19,7.224730809308788,14,-6.599513720041683,False,NIFTY,2026-09-07,11D_SHAPED_1500_1519,CE,15:00,PREPARE_EXIT
-2.777777777777768,2,11.241319444444464,18,11.241319444444464,True,NIFTY,2026-09-07,11D_SHAPED_1500_1519,PE,15:01,BREAK_EXIT
-19.79487179487178,13,0.0,3,-18.153846153846153,True,NIFTY,2026-09-07,CLOSING_1515_1529,CE,15:15,BREAK_EXIT
-0.8499787505312328,7,10.029749256268584,10,6.927326816829571,False,NIFTY,2026-09-07,CLOSING_1515_1529,PE,15:18,PREPARE_EXIT
-6.054157187935727,14,4.102150143098249,9,-6.054157187935727,False,SENSEX,2026-09-07,11D_SHAPED_1500_1519,CE,15:05,PREPARE_EXIT
-3.2429816069699857,13,4.854100401051031,18,4.854100401051031,False,SENSEX,2026-09-07,11D_SHAPED_1500_1519,PE,15:01,BREAK_EXIT
-11.025326502633682,13,0.0,1,-9.293599826827348,True,SENSEX,2026-09-07,CLOSING_1515_1529,CE,15:15,BREAK_EXIT
-3.0719538176070205,8,4.212768881863793,1,-1.7455844959109235,False,SENSEX,2026-09-07,CLOSING_1515_1529,PE,15:18,PREPARE_EXIT
-61.931187569367374,15,26.248612652608227,10,-34.79467258601553,False,NIFTY,2026-09-08,11D_SHAPED_1500_1519,CE,15:01,PREPARE_EXIT
-46.52317880794702,15,52.06953642384104,14,-15.81125827814569,False,NIFTY,2026-09-08,11D_SHAPED_1500_1519,PE,15:02,BREAK_EXIT
-99.53746530989824,14,34.41258094357078,2,-99.53746530989824,True,NIFTY,2026-09-08,CLOSING_1515_1529,CE,15:15,BREAK_EXIT
-21.207430340557266,10,465.9442724458205,4,-6.811145510835903,False,NIFTY,2026-09-08,CLOSING_1515_1529,PE,15:17,BREAK_EXIT
-10.924051830133374,13,2.5063841861344915,8,-9.108105551877443,True,SENSEX,2026-09-08,11D_SHAPED_1500_1519,CE,15:03,PREPARE_EXIT
-4.187378886174075,4,8.711770157553289,8,6.681270536692208,True,SENSEX,2026-09-08,11D_SHAPED_1500_1519,PE,15:07,BREAK_EXIT
-5.9791505126217,6,1.275092616524498,11,-3.092961144137152,True,SENSEX,2026-09-08,CLOSING_1515_1529,CE,15:15,PREPARE_EXIT
-1.8201284796573902,9,5.956784115242342,3,2.6182596846408224,False,SENSEX,2026-09-08,CLOSING_1515_1529,PE,15:17,BREAK_EXIT
-12.679022746419532,3,0.0,1,-8.930075821398475,True,NIFTY,2026-09-09,11D_SHAPED_1500_1519,CE,15:02,BREAK_EXIT
-6.077246933919078,3,0.0,10,-2.7457440966501934,True,NIFTY,2026-09-09,11D_SHAPED_1500_1519,PE,15:07,BREAK_EXIT
-10.484421196270176,13,0.0,2,-10.484421196270176,True,NIFTY,2026-09-09,CLOSING_1515_1529,CE,15:16,PREPARE_EXIT
0.0,1,9.369024856596564,14,9.369024856596564,False,NIFTY,2026-09-09,CLOSING_1515_1529,PE,15:15,BREAK_EXIT
-24.17227108122091,3,0.0,1,-17.75737196068289,True,SENSEX,2026-09-09,11D_SHAPED_1500_1519,CE,15:02,BREAK_EXIT
0.0,1,36.59062885326756,5,27.342786683107256,False,SENSEX,2026-09-09,11D_SHAPED_1500_1519,PE,15:00,BREAK_EXIT
-25.040849673202615,14,4.616013071895431,3,-25.040849673202615,False,SENSEX,2026-09-09,CLOSING_1515_1529,CE,15:15,BREAK_EXIT
0.0,1,32.34021510693535,11,32.34021510693535,False,SENSEX,2026-09-09,CLOSING_1515_1529,PE,15:18,PREPARE_EXIT
-6.733230926779321,15,0.0,16,-6.400409626216074,True,NIFTY,2026-09-10,11D_SHAPED_1500_1519,CE,15:00,BREAK_EXIT
-3.9715087416360983,12,2.4606086768832247,2,0.9281243254910532,False,NIFTY,2026-09-10,11D_SHAPED_1500_1519,PE,15:04,PREPARE_EXIT
0.0,4,12.027491408934686,14,12.027491408934686,False,NIFTY,2026-09-10,CLOSING_1515_1529,CE,15:15,PREPARE_EXIT
-11.872532430908066,13,5.104342921601801,2,-11.872532430908066,False,NIFTY,2026-09-10,CLOSING_1515_1529,PE,15:16,BREAK_EXIT
-37.77576307041402,12,0.0,17,-26.941674221819277,True,SENSEX,2026-09-10,11D_SHAPED_1500_1519,CE,15:00,BREAK_EXIT
-5.664133188563147,13,38.36409699601884,11,18.403908794788283,False,SENSEX,2026-09-10,11D_SHAPED_1500_1519,PE,15:04,BREAK_EXIT
0.0,3,235.6077435734687,13,158.47350047603936,False,SENSEX,2026-09-10,CLOSING_1515_1529,CE,15:15,PREPARE_EXIT
-99.27903871829106,12,33.244325767690256,1,-99.27903871829106,False,SENSEX,2026-09-10,CLOSING_1515_1529,PE,15:17,BREAK_EXIT
-14.477008590197071,5,11.41990904497221,15,2.1475492673067142,True,NIFTY,2026-09-11,11D_SHAPED_1500_1519,CE,15:00,BREAK_EXIT
-20.57708508845829,8,0.0,1,-15.50126368997471,True,NIFTY,2026-09-11,11D_SHAPED_1500_1519,PE,15:07,BREAK_EXIT
-14.678675754625115,12,2.069133398247347,3,-14.678675754625115,True,NIFTY,2026-09-11,CLOSING_1515_1529,CE,15:17,BREAK_EXIT
0.0,5,14.240254574383426,10,12.808273667462199,False,NIFTY,2026-09-11,CLOSING_1515_1529,PE,15:15,BREAK_EXIT
-8.693873376291295,5,2.8996624731512544,16,0.7671064743786538,True,SENSEX,2026-09-11,11D_SHAPED_1500_1519,CE,15:00,BREAK_EXIT
-11.040819400512126,8,0.0,1,-8.781442988401878,True,SENSEX,2026-09-11,11D_SHAPED_1500_1519,PE,15:08,PREPARE_EXIT
-11.39994433620931,12,0.7625939326468156,4,-11.39994433620931,True,SENSEX,2026-09-11,CLOSING_1515_1529,CE,15:17,PREPARE_EXIT
-2.3625601926163697,5,4.97090690208668,14,4.97090690208668,True,SENSEX,2026-09-11,CLOSING_1515_1529,PE,15:15,BREAK_EXIT
-6.273291925465852,18,29.378881987577653,13,-2.9813664596273326,True,NIFTY,2026-09-15,11D_SHAPED_1500_1519,CE,15:00,PREPARE_EXIT
-19.03473161930537,14,0.9923319801533603,4,-4.691023906179515,True,NIFTY,2026-09-15,11D_SHAPED_1500_1519,PE,15:02,PREPARE_EXIT
-99.81143934632307,14,14.330609679446859,1,-99.81143934632307,False,NIFTY,2026-09-15,CLOSING_1515_1529,CE,15:15,BREAK_EXIT
0.0,1,100.83565459610027,5,81.16991643454041,False,NIFTY,2026-09-15,CLOSING_1515_1529,PE,15:16,PREPARE_EXIT
-6.148203406689035,17,5.601143851796597,7,-3.7734676115876997,True,SENSEX,2026-09-15,11D_SHAPED_1500_1519,CE,15:00,PREPARE_EXIT
-3.1835963847295146,17,2.353972750573319,1,-3.1835963847295146,False,SENSEX,2026-09-15,11D_SHAPED_1500_1519,PE,15:02,BREAK_EXIT
-6.5968718466195675,11,0.0,1,-4.64177598385469,True,SENSEX,2026-09-15,CLOSING_1515_1529,CE,15:15,BREAK_EXIT
-5.1955990220048935,10,0.6316218418907837,5,0.02716653083401077,True,SENSEX,2026-09-15,CLOSING_1515_1529,PE,15:17,PREPARE_EXIT
-0.5160846378806094,6,6.193015654567358,2,3.1825219335971155,False,NIFTY,2026-09-16,11D_SHAPED_1500_1519,CE,15:00,BREAK_EXIT
-1.595230422172067,13,4.914598775378676,4,1.4663229133097255,False,NIFTY,2026-09-16,11D_SHAPED_1500_1519,PE,15:02,BREAK_EXIT
-3.4908969433773307,11,1.1357942208117588,4,-3.4908969433773307,False,NIFTY,2026-09-16,CLOSING_1515_1529,CE,15:18,BREAK_EXIT
0.0,7,3.8971671851973033,5,2.063206156869146,False,NIFTY,2026-09-16,CLOSING_1515_1529,PE,15:15,BREAK_EXIT
-1.841848932967316,6,5.516691755955017,2,2.9487293013371163,False,SENSEX,2026-09-16,11D_SHAPED_1500_1519,CE,15:00,BREAK_EXIT
-1.520467836257311,14,6.875522138680035,11,2.6817042606516184,False,SENSEX,2026-09-16,11D_SHAPED_1500_1519,PE,15:02,PREPARE_EXIT
-4.969501255830632,14,11.679224973089353,7,-4.969501255830632,False,SENSEX,2026-09-16,CLOSING_1515_1529,CE,15:15,PREPARE_EXIT
-7.125890736342044,6,4.26705123854767,3,3.9192399049881255,False,SENSEX,2026-09-16,CLOSING_1515_1529,PE,15:16,BREAK_EXIT
0.0,2,10.476190476190483,19,10.476190476190483,False,NIFTY,2026-09-17,11D_SHAPED_1500_1519,CE,15:00,BREAK_EXIT
-10.206637445209765,15,0.6470465456063446,1,-7.514088916718853,True,NIFTY,2026-09-17,11D_SHAPED_1500_1519,PE,15:01,BREAK_EXIT
-2.7156883225402106,11,1.7756423647378394,1,-2.7156883225402106,False,NIFTY,2026-09-17,CLOSING_1515_1529,CE,15:18,BREAK_EXIT
-3.390972378172008,1,0.8533572872220896,14,0.8533572872220896,True,NIFTY,2026-09-17,CLOSING_1515_1529,PE,15:15,PREPARE_EXIT
-3.091721058055652,12,23.90930951563035,15,15.269666781174852,False,SENSEX,2026-09-17,11D_SHAPED_1500_1519,CE,15:00,BREAK_EXIT
-12.711571675302247,14,7.409326424870466,11,-4.697754749568228,False,SENSEX,2026-09-17,11D_SHAPED_1500_1519,PE,15:01,BREAK_EXIT
-99.93342210386152,13,15.49045716822015,2,-99.93342210386152,False,SENSEX,2026-09-17,CLOSING_1515_1529,CE,15:16,PREPARE_EXIT
-74.29587482219061,10,15.348506401137985,1,5.391180654338545,False,SENSEX,2026-09-17,CLOSING_1515_1529,PE,15:15,BREAK_EXIT
-12.766472868217038,18,0.0,4,-10.804263565891448,True,NIFTY,2026-09-18,11D_SHAPED_1500_1519,CE,15:00,BREAK_EXIT
0.0,1,11.956521739130444,12,8.85549872122764,False,NIFTY,2026-09-18,11D_SHAPED_1500_1519,PE,15:06,PREPARE_EXIT
-8.24714929726863,7,0.4773269689737347,11,-0.8485812781755642,True,NIFTY,2026-09-18,CLOSING_1515_1529,CE,15:17,PREPARE_EXIT
-2.5883069427527383,13,7.429963459196087,5,1.1266747868453164,False,NIFTY,2026-09-18,CLOSING_1515_1529,PE,15:15,PREPARE_EXIT
-10.209440068388586,18,0.6594614398241605,6,-8.530255846614143,True,SENSEX,2026-09-18,11D_SHAPED_1500_1519,CE,15:00,PREPARE_EXIT
-1.1545239107978555,3,6.3377286261165455,6,4.375037977760199,False,SENSEX,2026-09-18,11D_SHAPED_1500_1519,PE,15:03,BREAK_EXIT
-1.9993199591975541,6,3.529411764705892,10,3.243794627677654,False,SENSEX,2026-09-18,CLOSING_1515_1529,CE,15:18,BREAK_EXIT
-4.307368174635695,12,2.35266576929829,2,-0.9480891906127442,False,SENSEX,2026-09-18,CLOSING_1515_1529,PE,15:16,BREAK_EXIT
