date,symbol,time,i,dir,family,strength,mode,window,expiry,passed,traded_lots,reasons,cf_pnl,cf_mfe,cf_mae,cf_tmfe,cf_tmae,timing,dq,anat_onset_to_det_s,anat_pre_fut,anat_fut_mfe_after,anat_fut_consumed,anat_pre_opt,anat_opt_mfe_after,anat_opt_consumed,anat_det_to_entry_opt,anat_t_fut_peak_after_det,anat_resp_f_before_det,anat_resp_o_before_det,anat_resp_lag_bars,anat_acc_both_before,anat_cls,anat_fade,anat_fade_ratio,sim5_entry_ask,sim5_spread_in,sim5_spread_out,sim5_pnl,sim5_reason,sim5_hold,sim5_peak,sim5_mfe,sim5_mae,sim5_t_mfe,sim5_t_mae,sim5_capture,sim5_plan_ask
2026-09-17,NIFTY,14:55:35,6,1,CURRENT_12A_MOMENTUM_EVENT,WEAK,PRE,PRE 14:55-15:00,False,False,False,"['TIME_WINDOW_CLOSED', 'WEAK_MOMENTUM', 'OPTION_NOT_RESPONDING']",-0.17086715079026302,-0.17086715079026302,-7.2191371208885124,5.0,275.0,DETECTED_EARLY,GOOD,10,0.7999999999992724,0.0,1.0,0.6959547629404064,1.0151187904967578,0.4067357370712608,1.0151187904967578,,False,True,,False,FALSE_OPTION_MOVE,False,0.0,117.05,0.2138,0.1283,-0.17086715079026302,EVENT_INVALIDATED,5.0,0.0,-0.17086715079026302,-7.2191371208885124,5.0,275.0,,115.85
2026-09-17,NIFTY,14:56:50,21,-1,CURRENT_12A_MOMENTUM_EVENT,WEAK,PRE,PRE 14:55-15:00,False,False,False,"['TIME_WINDOW_CLOSED', 'WEAK_MOMENTUM']",-0.34877927254608304,4.434479322371702,-2.4912805181863478,200.0,270.0,DETECTED_LATE,GOOD,60,7.150000000001455,10.349999999998545,0.40857142857151174,2.7385717295133767,4.244412548697968,0.3921778455177688,-0.12302645068689069,220,True,True,-10,False,OPTION_LEAD,False,0.19480519480519437,121.8,0.0411,0.2465,-0.20525451559934318,TIME_EXIT,120.0,1.8472906403940887,4.228243021346474,-2.2988505747126418,200.0,290.0,-0.0485436893203883,122.05
2026-09-17,NIFTY,14:59:10,49,1,CURRENT_12A_MOMENTUM_EVENT,WEAK,PRE,PRE 14:55-15:00,False,False,False,"['TIME_WINDOW_CLOSED', 'WEAK_MOMENTUM', 'OPTION_NOT_RESPONDING']",-0.26821636119803055,3.665623603039793,-2.9056772463120253,230.0,60.0,DETECTED_EARLY,GOOD,20,2.8000000000029104,7.299999999999272,0.27722772277250546,0.7343124165554098,2.5844930417495005,0.22125804774663171,-1.2812016788159954,295,True,True,-8,True,OPTION_LEAD,True,1.2906976744186038,111.85,0.2238,0.0448,-0.26821636119803055,UNDERLYING_INVALIDATION,5.0,0.0,3.665623603039793,-2.9056772463120253,230.0,60.0,-0.07317073170731624,113.35
2026-09-17,NIFTY,15:00:55,70,1,CURRENT_12A_MOMENTUM_EVENT,STRONG,MODE_A,15:00-15:03,False,True,False,['RISK_TOO_LARGE'],-1.2291483757682227,1.7998244073748875,-2.0632133450395154,125.0,235.0,DETECTED_EARLY,GOOD,25,8.549999999999272,8.0,0.5166163141993745,4.943665210393195,1.7528483786152498,0.7382446320287697,-0.24101665205958936,275,True,True,-3,True,OPTION_LEAD,False,0.05116279069767283,113.9,0.1318,0.2663,-1.2291483757682227,EVENT_INVALIDATED,60.0,0.570676031606665,1.7998244073748875,-2.0632133450395154,125.0,235.0,-0.6829268292682965,114.25
2026-09-17,NIFTY,15:02:35,90,1,CURRENT_12A_MOMENTUM_EVENT,WEAK,MODE_A,15:00-15:03,False,False,False,['WEAK_MOMENTUM'],-0.6090808416389781,2.048726467331128,-3.2115171650055276,265.0,140.0,DETECTED_EARLY,GOOD,30,3.4500000000007276,12.450000000000728,0.2169811320754976,1.5111111111111135,2.758318739054283,0.35393744929491544,0.6129597197898449,300,False,True,-4,False,OPTION_LEAD,False,0.0,115.05,0.2611,0.262,-0.6084311169056957,FUTURES_DIVERGENCE,55.0,0.7822685788787533,1.8687527162103483,-3.0421555845284662,265.0,135.0,-0.32558139534883773,114.35
2026-09-17,NIFTY,15:05:15,122,1,CURRENT_12A_MOMENTUM_EVENT,WEAK,MODE_A,15:03-15:06,False,False,False,"['WEAK_MOMENTUM', 'OPTION_NOT_RESPONDING', 'NO_CONFIRMATION']",0.07005253940454943,2.3817863397548202,-0.8406304728546331,105.0,20.0,DETECTED_EARLY,GOOD,5,5.849999999998545,7.05000000000291,0.4534883720928593,1.7905102954341987,3.2102022867194298,0.35805103093189367,0.6156552330694837,150,False,True,-1,False,SYNCHRONIZED,False,0.027027027027023014,114.5,0.1748,0.1744,0.08733624454147976,EVENT_INVALIDATED,5.0,0.08733624454147976,2.3580786026200897,-0.9606986899563269,105.0,20.0,0.0370370370370349,113.85
2026-09-17,NIFTY,15:05:20,123,1,CURRENT_12A_MOMENTUM_EVENT,STRONG,MODE_A,15:03-15:06,False,True,False,['RISK_TOO_LARGE'],-0.8732099196646874,2.165560600768421,-1.117708697170796,300.0,15.0,DETECTED_EARLY,GOOD,10,6.200000000000728,6.700000000000728,0.4806201550387619,2.4843330349149433,2.51146538545534,0.4972844830538233,0.19654946494868622,145,True,True,-1,True,SYNCHRONIZED,False,0.0,114.8,0.1744,0.0879,-0.9146341463414609,FUTURES_DIVERGENCE,5.0,0.0,2.308362369337984,-1.2195121951219439,300.0,15.0,-0.3962264150943377,114.6
2026-09-17,NIFTY,15:07:10,145,1,CURRENT_12A_MOMENTUM_EVENT,WEAK,MODE_A,15:06-15:09,False,False,False,['WEAK_MOMENTUM'],-0.543773790103317,0.7612833061446469,-3.371397498640575,195.0,45.0,DETECTED_EARLY,GOOD,40,6.80000000000291,2.650000000001455,0.7195767195766951,3.0742204655248138,0.29825308904985814,0.9115625121373344,-0.3834682573497986,35,True,True,0,False,SYNCHRONIZED,False,0.1285714285714253,117.05,0.2566,0.0858,-0.42716787697565145,FUTURES_DIVERGENCE,15.0,0.0,0.42716787697565145,-2.9474583511319974,195.0,45.0,-1.0,117.5
2026-09-17,NIFTY,15:07:45,152,1,CURRENT_12A_CONTINUATION_EVENT,STRONG,MODE_A,15:06-15:09,False,True,False,['RISK_TOO_LARGE'],0.34828036569438897,2.82977797126687,-1.0883761427949499,290.0,10.0,DETECTED_EARLY,GOOD,60,5.80000000000291,0.0,1.0,1.2803819444444395,1.349903578315837,0.4867843940762674,-1.6927362331262006,,True,True,0,False,SYNCHRONIZED,True,1.2325581395348846,114.85,0.2616,0.1734,0.34828036569438897,EVENT_INVALIDATED,5.0,0.34828036569438897,2.82977797126687,-1.0883761427949499,290.0,10.0,0.12307692307692483,116.75
2026-09-17,NIFTY,15:08:45,164,-1,CURRENT_12A_MOMENTUM_EVENT,WEAK,MODE_A,15:06-15:09,False,False,False,"['WEAK_MOMENTUM', 'OPTION_NOT_RESPONDING', 'NO_CONFIRMATION']",-0.17346053772766942,4.163052905464005,-3.0789245446660862,190.0,270.0,DETECTED_EARLY,GOOD,60,3.650000000001455,5.75,0.3882978723405202,1.3406593406593457,4.272392105833873,0.23884679366281758,-0.08674907829105055,215,True,False,11,False,UNDERLYING_LEAD,False,0.06557377049180863,115.3,0.2171,0.2603,-0.17346053772766942,FUTURES_DIVERGENCE,5.0,0.0,4.163052905464005,-3.0789245446660862,190.0,270.0,-0.04166666666666728,115.4
2026-09-17,NIFTY,15:09:45,176,1,CURRENT_12A_MOMENTUM_EVENT,WEAK,MODE_A,15:09-15:12,False,False,False,"['WEAK_MOMENTUM', 'OPTION_NOT_RESPONDING']",-0.259403372243849,7.133592736705577,-1.037613488975359,285.0,130.0,DETECTED_LATE,GOOD,10,3.350000000002183,9.799999999999272,0.2547528517111644,0.7856831078131871,7.362494586401039,0.0964243954045181,0.08661758336941906,295,True,False,1,False,SYNCHRONIZED,False,0.0,115.65,0.1731,0.2165,-0.259403372243849,UNDERLYING_INVALIDATION,5.0,0.0,7.133592736705577,-1.037613488975359,285.0,130.0,-0.03636363636363775,115.6
2026-09-17,NIFTY,15:10:50,189,1,CURRENT_12A_MOMENTUM_EVENT,STRONG,MODE_A,15:09-15:12,False,False,False,['OPTION_NOT_RESPONDING'],0.0,6.16966580976864,-1.9280205655526992,220.0,65.0,DETECTED_EARLY,GOOD,60,3.4500000000007276,7.650000000001455,0.31081081081081524,1.8478260869565217,5.827107790821774,0.24076117350100504,-0.4055496264674444,230,True,True,-3,False,OPTION_LEAD,False,0.38888888888888745,116.7,0.0857,0.1712,0.0,UNDERLYING_INVALIDATION,5.0,0.0,6.16966580976864,-1.9280205655526992,220.0,65.0,0.0,117.2
2026-09-17,NIFTY,15:12:10,205,-1,CURRENT_12A_MOMENTUM_EVENT,WEAK,MODE_A,15:12-15:15,False,False,False,"['WEAK_MOMENTUM', 'NO_CONFIRMATION']",-2.0557491289198526,-1.289198606271773,-10.487804878048788,5.0,270.0,NO_FOLLOW_THROUGH,GOOD,50,2.849999999998545,3.900000000001455,0.4222222222220066,0.8894536213468844,0.0,1.0,-0.5667506297229196,10,True,True,0,False,SYNCHRONIZED,True,0.8255813953488377,118.55,0.2111,0.2153,-2.1509911429776443,MOMENTUM_FAILURE,30.0,0.0,-1.4339940953184334,-11.008013496415012,5.0,270.0,,119.25
2026-09-17,NIFTY,15:13:25,220,1,CURRENT_12A_MOMENTUM_EVENT,STRONG,MODE_A,15:12-15:15,False,True,False,['RISK_TOO_LARGE'],-0.706273369339422,2.949729954299968,-1.2463647694225177,65.0,90.0,DETECTED_EARLY,GOOD,55,8.450000000000728,8.200000000000728,0.5075075075075068,3.2147449635662233,2.948504983388702,0.5215989926150133,-0.14534883720931174,205,True,True,5,True,UNDERLYING_LEAD,False,0.0466666666666697,120.35,0.2079,0.209,-0.706273369339422,EVENT_INVALIDATED,5.0,0.0,2.949729954299968,-1.2463647694225177,65.0,90.0,-0.2394366197183075,120.55
2026-09-17,NIFTY,15:14:25,232,-1,CURRENT_12A_REVERSAL_EVENT,WEAK,MODE_A,15:12-15:15,False,False,False,"['WEAK_MOMENTUM', 'OPTION_NOT_RESPONDING']",-1.0036496350364912,3.0109489051094998,-3.740875912408754,30.0,135.0,DETECTED_EARLY,GOOD,0,-0.0,1.1999999999970896,-0.0,0.0,0.9608938547486059,0.0,-2.167597765363126,220,False,False,,False,NO_CLEAR_ONSET,False,,109.6,0.2741,0.2761,-1.0036496350364912,EVENT_INVALIDATED,5.0,0.0,3.0109489051094998,-3.740875912408754,30.0,135.0,-0.33333333333333043,111.9
2026-09-17,NIFTY,15:15:40,247,1,CURRENT_12A_MOMENTUM_EVENT,STRONG,MODE_B,MODE B 15:15-15:30,False,False,False,"['MODE_B_RESEARCH_ONLY', 'OPTION_NOT_RESPONDING']",-0.2642706131078224,2.7484143763213624,-1.5856236786469347,220.0,300.0,DETECTED_EARLY,GOOD,45,3.150000000001455,4.799999999999272,0.3962264150944864,0.8403361344537815,2.687499999999995,0.23820157808545514,0.3750000000000024,70,True,True,2,True,SYNCHRONIZED,False,0.14705882352941152,120.6,0.2491,0.2493,-0.3316749585406231,EVENT_INVALIDATED,5.0,0.0,2.0729684908789388,-1.326699834162516,220.0,295.0,-0.1599999999999966,120.15
2026-09-17,NIFTY,15:17:40,271,-1,CURRENT_12A_MOMENTUM_EVENT,WEAK,MODE_B,MODE B 15:15-15:30,False,False,False,"['MODE_B_RESEARCH_ONLY', 'WEAK_MOMENTUM']",-0.09045680687471218,1.492537313432841,-2.5780189959294386,135.0,230.0,DETECTED_LATE,GOOD,50,4.0,6.049999999999272,0.39800995024878505,3.3609467455621274,2.8623769177925347,0.5400565561699261,1.1220517517746815,225,True,True,0,False,SYNCHRONIZED,False,0.01546391752577087,110.55,0.2717,0.2261,-0.09045680687471218,EVENT_INVALIDATED,55.0,1.402080506558116,1.492537313432841,-2.5780189959294386,135.0,230.0,-0.06060606060605695,109.25
2026-09-17,NIFTY,15:18:45,284,1,CURRENT_12A_MOMENTUM_EVENT,WEAK,MODE_B,MODE B 15:15-15:30,False,False,False,"['MODE_B_RESEARCH_ONLY', 'WEAK_MOMENTUM', 'OPTION_NOT_RESPONDING', 'NO_CONFIRMATION']",-0.4536082474226781,1.525773195876284,-4.4123711340206135,35.0,280.0,DETECTED_EARLY,GOOD,40,3.099999999998545,1.0500000000029104,0.7469879518066164,1.6338500209467977,1.5869744435284396,0.5072769531428027,-0.06183017312448709,45,True,True,4,False,UNDERLYING_LEAD,False,0.038461538461539865,121.25,0.0412,0.2069,-0.4536082474226781,EVENT_INVALIDATED,5.0,0.0,1.525773195876284,-4.4123711340206135,35.0,280.0,-0.2972972972972967,121.35
2026-09-17,NIFTY,15:19:55,298,1,CURRENT_12A_MOMENTUM_EVENT,WEAK,MODE_B,MODE B 15:15-15:30,False,False,False,"['MODE_B_RESEARCH_ONLY', 'WEAK_MOMENTUM', 'OPTION_NOT_RESPONDING', 'NO_CONFIRMATION']",0.2504173622704484,1.6277128547579325,-3.255425709515853,10.0,210.0,DETECTED_EARLY,GOOD,5,1.8000000000029104,3.1999999999970896,0.3600000000005821,0.3103662321539416,0.5569306930693045,0.3578546436954702,-1.216996699669974,300,False,True,-10,False,OPTION_LEAD,True,1.4583333333333386,119.8,0.1253,0.291,0.2504173622704484,EVENT_INVALIDATED,5.0,0.2504173622704484,1.6277128547579325,-3.255425709515853,10.0,210.0,0.15384615384615216,121.35
2026-09-17,NIFTY,15:23:50,345,1,CURRENT_12A_MOMENTUM_EVENT,WEAK,MODE_B,MODE B 15:15-15:30,False,False,False,"['MODE_B_RESEARCH_ONLY', 'WEAK_MOMENTUM', 'OPTION_NOT_RESPONDING']",0.04215851602024567,1.8128161888701568,-2.1079258010118047,50.0,295.0,DETECTED_EARLY,GOOD,15,1.6999999999970896,9.650000000001455,0.14977973568258215,1.1630411371957738,2.916755375771767,0.2850733200783603,0.8728975942090745,210,False,True,,False,FALSE_OPTION_MOVE,False,0.0,118.6,0.2533,0.2525,0.04215851602024567,EVENT_INVALIDATED,5.0,0.04215851602024567,1.8128161888701568,-2.1079258010118047,50.0,295.0,0.023255813953493593,117.55
2026-09-17,NIFTY,15:24:50,357,1,CURRENT_12A_MOMENTUM_EVENT,WEAK,MODE_B,MODE B 15:15-15:30,False,False,False,"['MODE_B_RESEARCH_ONLY', 'WEAK_MOMENTUM']",-0.4170141784820684,0.6255212677231026,-3.5446205170975813,25.0,280.0,DETECTED_EARLY,GOOD,45,5.249999999996362,5.200000000000728,0.5023923444973994,3.246475865014949,0.0,1.0,-0.8688456764584173,150,True,True,-3,True,OPTION_LEAD,False,0.2763157894736837,119.9,0.1669,0.2509,-0.4170141784820684,FUTURES_DIVERGENCE,50.0,0.6255212677231026,0.6255212677231026,-3.5446205170975813,25.0,280.0,-0.6666666666666667,120.95
2026-09-17,NIFTY,15:26:45,380,-1,CURRENT_12A_MOMENTUM_EVENT,WEAK,MODE_B,MODE B 15:15-15:30,False,False,False,"['MODE_B_RESEARCH_ONLY', 'WEAK_MOMENTUM']",-1.9315673289183224,1.9315673289183224,-1.9315673289183224,165.0,20.0,DETECTED_LATE,GOOD,60,2.7000000000007276,6.350000000002183,0.29834254143644856,1.7931034482758648,2.1906052393857243,0.4501090789669173,-0.06775067750677764,130,True,True,2,False,SYNCHRONIZED,False,0.038461538461539865,110.75,0.226,0.275,-1.625282167042887,EVENT_INVALIDATED,20.0,0.0,2.0767494356659117,-1.625282167042887,165.0,20.0,-0.7826086956521737,110.85
2026-09-17,NIFTY,15:27:20,387,1,CURRENT_12A_MOMENTUM_EVENT,STRONG,MODE_B,MODE B 15:15-15:30,False,False,False,"['MODE_B_RESEARCH_ONLY', 'OPTION_NOT_RESPONDING']",-0.6715916722632639,-0.3693754197448028,-2.8206850235057197,15.0,130.0,NO_FOLLOW_THROUGH,GOOD,20,9.549999999999272,0.0,1.0,0.9745762711864454,0.12589173310951865,0.8856016416487645,0.12589173310951865,,True,False,,False,OPTION_NO_RESPONSE,False,0.2571428571428588,119.4,0.1676,0.2106,-0.67001675041877,EVENT_INVALIDATED,5.0,0.0,-0.2512562814070447,-3.1407035175879394,50.0,130.0,,119.25
2026-09-17,SENSEX,15:01:35,78,1,CURRENT_12A_MOMENTUM_EVENT,WEAK,MODE_A,15:00-15:03,True,False,False,['WEAK_MOMENTUM'],-9.850993377483437,-3.2698675496688763,-24.62748344370861,5.0,195.0,NO_FOLLOW_THROUGH,GOOD,60,22.02499999999418,1.9500000000116415,0.918665276329044,8.459905275191911,0.49691311549464756,0.9445212469629455,0.49691311549464756,110,True,True,-3,True,OPTION_LEAD,False,0.0,167.05,0.2397,0.1937,-7.392996108949429,STOP_LOSS,15.0,0.0,-2.5142173002095283,-20.502843460041902,5.0,195.0,,166.25
2026-09-17,SENSEX,15:16:30,257,1,CURRENT_12A_MOMENTUM_EVENT,WEAK,MODE_B,MODE B 15:15-15:30,True,False,False,"['EXPIRY_DAY_CLOSE_VETO', 'MODE_B_RESEARCH_ONLY', 'WEAK_MOMENTUM']",-2.237591537835639,7.16029292107403,-56.2245728234337,170.0,240.0,DETECTED_LATE,GOOD,60,32.59999999999127,0.0,1.0,18.06048318972799,22.238122495706943,0.4481664534675343,-3.0337721808815017,,True,True,2,True,SYNCHRONIZED,False,0.19831618334892362,169.65,0.2952,0.3908,-2.1514883583849134,EXPIRY_ZONE_EXIT,5.0,0.0,25.611553197760085,-48.42322428529325,170.0,205.0,-0.08400460299194493,175.5
2026-09-17,SENSEX,15:18:35,282,-1,CURRENT_12A_MOMENTUM_EVENT,WEAK,MODE_B,MODE B 15:15-15:30,True,False,False,"['EXPIRY_DAY_CLOSE_VETO', 'MODE_B_RESEARCH_ONLY', 'WEAK_MOMENTUM', 'OPTION_NOT_RESPONDING']",1.1426465167710893,4.128271286398816,-64.87283450055288,15.0,205.0,DETECTED_LATE,GOOD,25,5.399999999994179,17.35000000000582,0.2373626373623815,7.913247362250868,2.408111533586831,0.7666865809154304,-1.8830345826543506,295,False,True,,False,FALSE_OPTION_MOVE,False,0.2567901234567899,135.65,0.2584,0.2548,1.1426465167710893,EXPIRY_ZONE_EXIT,5.0,0.0,4.128271286398816,-64.87283450055288,15.0,205.0,0.2767857142857115,138.25
2026-09-17,SENSEX,15:22:20,327,1,CURRENT_12A_MOMENTUM_EVENT,WEAK,MODE_B,MODE B 15:15-15:30,True,False,False,"['EXPIRY_DAY_CLOSE_VETO', 'MODE_B_RESEARCH_ONLY', 'WEAK_MOMENTUM', 'OPTION_NOT_RESPONDING']",-13.163972286374126,80.715935334873,-62.586605080831404,135.0,250.0,NO_FOLLOW_THROUGH,GOOD,20,11.82499999999709,0.9250000000029104,0.9274509803919286,4.136316337148813,56.78241319010742,0.067898926475447,-13.639770172370728,190,True,True,1,True,SYNCHRONIZED,True,3.3888888888888813,86.6,0.405,0.7947,-13.163972286374126,EXPIRY_ZONE_EXIT,5.0,0.0,80.715935334873,-62.586605080831404,135.0,250.0,-0.16309012875536466,100.25
2026-09-17,SENSEX,15:24:15,350,-1,CURRENT_12A_MOMENTUM_EVENT,WEAK,MODE_B,MODE B 15:15-15:30,True,False,False,"['EXPIRY_DAY_CLOSE_VETO', 'MODE_B_RESEARCH_ONLY', 'WEAK_MOMENTUM', 'OPTION_NOT_RESPONDING']",-12.693498452012394,76.57378740970071,-91.95046439628484,240.0,150.0,NO_FOLLOW_THROUGH,GOOD,60,2.775000000008731,13.55000000000291,0.16998468606473213,2.190580503833516,22.36513040371562,0.08920859640679626,-31.29689174705251,280,True,True,8,True,UNDERLYING_LEAD,True,6.7062937062937,48.45,1.5601,0.5893,-12.693498452012394,EXPIRY_ZONE_EXIT,5.0,0.0,76.57378740970071,-91.95046439628484,240.0,150.0,-0.165768194070081,70.1
2026-09-17,SENSEX,15:25:15,362,1,CURRENT_12A_MOMENTUM_EVENT,WEAK,MODE_B,MODE B 15:15-15:30,True,False,False,"['EXPIRY_DAY_CLOSE_VETO', 'MODE_B_RESEARCH_ONLY', 'WEAK_MOMENTUM', 'OPTION_NOT_RESPONDING']",-13.561190738699006,7.938257993384788,-99.88974641675856,10.0,215.0,DETECTED_LATE,GOOD,60,18.02500000000873,5.149999999994179,0.7777777777780569,79.13043478260869,0.0,1.0,-29.403606102635226,15,True,True,0,False,SYNCHRONIZED,True,0.7212041884816754,102.0,0.3929,0.2632,-7.009803921568633,EXPIRY_ZONE_EXIT,5.0,0.0,27.058823529411757,-99.90196078431373,90.0,235.0,-0.259057971014493,144.95
2026-09-17,SENSEX,15:25:30,365,1,CURRENT_12A_MOMENTUM_EVENT,STRONG,MODE_B,MODE B 15:15-15:30,True,False,False,"['EXPIRY_DAY_CLOSE_VETO', 'MODE_B_RESEARCH_ONLY', 'OPTION_NOT_RESPONDING', 'NO_CONFIRMATION']",4.932058379466539,30.44791142425768,-99.89934574735783,75.0,220.0,NO_FOLLOW_THROUGH,GOOD,55,13.39999999999418,0.0,1.0,0.0,37.19399842063703,0.0,4.343248223216636,,False,False,,False,LAGGING_OPTION,True,0.7776280323450137,99.35,0.5045,0.1438,4.932058379466539,EXPIRY_ZONE_EXIT,5.0,0.0,30.44791142425768,-99.89934574735783,75.0,220.0,0.16198347107438035,95.1
2026-09-18,NIFTY,14:56:25,16,-1,CURRENT_12A_MOMENTUM_EVENT,STRONG,PRE,PRE 14:55-15:00,False,False,False,"['TIME_WINDOW_CLOSED', 'OPTION_NOT_RESPONDING']",-0.2752654345261569,6.331104994101441,-4.168305151395998,280.0,135.0,DETECTED_EARLY,GOOD,60,7.600000000002183,13.649999999997817,0.3576470588236321,0.8384146341463299,7.004283194759388,0.10690385533613155,0.40312421264802795,300,True,True,8,False,UNDERLYING_LEAD,False,0.20967741935484094,99.75,0.2509,0.3011,-0.2506265664160401,EVENT_INVALIDATED,25.0,0.0,6.315789473684208,-4.511278195488721,280.0,135.0,-0.039682539682539694,99.3
2026-09-18,NIFTY,14:57:30,29,-1,CURRENT_12A_MOMENTUM_EVENT,STRONG,PRE,PRE 14:55-15:00,False,False,False,['TIME_WINDOW_CLOSED'],-0.14792899408284582,4.585798816568039,-6.065088757396455,215.0,70.0,DETECTED_LATE,GOOD,30,7.349999999998545,7.549999999999272,0.49328859060400143,2.916560994166878,4.6574667323804775,0.38507397905927676,-0.172498767865941,235,True,True,-2,True,SYNCHRONIZED,False,0.18796992481202993,101.4,0.2469,0.1973,-0.14792899408284582,EVENT_INVALIDATED,20.0,0.0,4.585798816568039,-6.065088757396455,215.0,70.0,-0.032258064516130315,101.55
2026-09-18,NIFTY,14:58:45,44,1,CURRENT_12A_REVERSAL_EVENT,WEAK,PRE,PRE 14:55-15:00,False,False,False,"['TIME_WINDOW_CLOSED', 'WEAK_MOMENTUM', 'NO_CONFIRMATION']",-0.1622060016220623,0.24330900243308773,-15.085158150851576,10.0,140.0,DETECTED_EARLY,GOOD,55,6.650000000001455,8.899999999997817,0.42765273311908464,4.898862199747156,2.711660138595963,0.6436959228233057,2.0789394395902483,20,True,True,4,True,UNDERLYING_LEAD,False,0.08571428571428433,84.8,0.2361,0.2949,-0.17688679245282013,FUTURES_DIVERGENCE,5.0,0.0,0.0,-13.089622641509427,10.0,140.0,,83.0
2026-09-18,NIFTY,15:00:05,60,-1,CURRENT_12A_REVERSAL_EVENT,WEAK,MODE_A,15:00-15:03,False,False,False,['WEAK_MOMENTUM'],1.427469135802465,4.320987654320983,0.03858024691358902,60.0,185.0,DETECTED_EARLY,GOOD,60,9.0,15.450000000000728,0.3680981595091915,3.689269940244231,6.414432473064386,0.3651403999572194,1.6286644951140066,300,True,True,1,False,SYNCHRONIZED,False,0.0,101.5,0.1972,0.1458,1.2807881773398988,TRAIL_STOP,75.0,4.482758620689652,4.482758620689652,0.1477832512315327,60.0,20.0,0.2857142857142853,99.9
2026-09-18,NIFTY,15:00:20,63,-1,CURRENT_12A_MOMENTUM_EVENT,STRONG,MODE_A,15:00-15:03,False,True,False,['RISK_TOO_LARGE'],-0.48402710551790895,2.6621490803484993,-1.5972894482090914,45.0,5.0,DETECTED_EARLY,GOOD,55,12.5,11.94999999999709,0.511247443762842,6.075491209927611,3.509627102120394,0.633846240822195,0.6093102607847916,300,True,True,7,True,UNDERLYING_LEAD,False,0.0,103.3,0.1938,0.1458,-0.48402710551790895,FUTURES_DIVERGENCE,60.0,2.6621490803484993,2.6621490803484993,-1.5972894482090914,45.0,5.0,-0.18181818181818182,102.65
2026-09-18,NIFTY,15:01:20,75,-1,CURRENT_12A_CONTINUATION_EVENT,STRONG,MODE_A,15:00-15:03,False,True,False,['RISK_TOO_LARGE'],-1.068479844584758,3.0111704711024716,-1.6027197668771302,250.0,290.0,DETECTED_LATE,GOOD,60,9.799999999999272,3.25,0.7509578544061164,4.225006140997295,0.11784115012962526,0.9728654630867651,-3.0167334433184094,270,True,True,3,True,UNDERLYING_LEAD,True,0.7500000000000008,102.95,0.1458,0.0981,-1.068479844584758,EVENT_INVALIDATED,120.0,1.942690626517727,3.0111704711024716,-1.6027197668771302,250.0,290.0,-0.3548387096774227,106.2
2026-09-18,NIFTY,15:02:20,87,-1,CURRENT_12A_CONTINUATION_EVENT,STRONG,MODE_A,15:00-15:03,False,False,False,['NO_CONFIRMATION'],-0.5760921747479678,1.824291886701864,-2.7364378300528167,190.0,230.0,DETECTED_LATE,GOOD,25,0.6500000000014552,4.450000000000728,0.12745098039238764,0.1949317738791451,3.307392996108955,0.05565782349756428,1.167315175097279,210,True,True,-1,False,SYNCHRONIZED,False,0.4105263157894713,104.15,0.2885,0.2411,-0.5760921747479678,TIME_EXIT,120.0,0.14402304368698174,1.824291886701864,-2.7364378300528167,190.0,230.0,-0.3157894736842164,102.95
2026-09-18,NIFTY,15:03:30,101,1,CURRENT_12A_REVERSAL_EVENT,WEAK,MODE_A,15:03-15:06,False,False,False,['WEAK_MOMENTUM'],-0.1311475409835991,0.7213114754098323,-9.442622950819676,40.0,300.0,DETECTED_LATE,GOOD,45,5.900000000001455,0.0,1.0,2.7833001988071495,0.0,1.0,-1.773049645390071,,True,True,-5,False,OPTION_LEAD,True,0.6547619047619065,76.25,0.1969,0.2623,-0.1311475409835991,EVENT_INVALIDATED,20.0,0.6557377049180327,0.7213114754098323,-9.442622950819676,40.0,300.0,-0.18181818181817241,77.65
2026-09-18,NIFTY,15:04:35,114,-1,CURRENT_12A_REVERSAL_EVENT,WEAK,MODE_A,15:03-15:06,False,False,False,"['WEAK_MOMENTUM', 'NO_CONFIRMATION']",0.43451272501552896,8.44196151458721,-3.3519553072625734,265.0,95.0,DETECTED_EARLY,GOOD,60,3.0,15.400000000001455,0.16304347826085666,1.704407109812515,8.40316016279627,0.16862683807521214,0.7900406990663182,290,True,True,-1,True,SYNCHRONIZED,False,0.0,105.3,0.095,0.237,0.047483380816711454,EVENT_INVALIDATED,15.0,0.4748338081671415,7.407407407407404,-3.798670465337132,265.0,95.0,0.006410256410256049,104.55
2026-09-18,NIFTY,15:07:05,144,-1,CURRENT_12A_MOMENTUM_EVENT,WEAK,MODE_A,15:06-15:09,False,False,False,['WEAK_MOMENTUM'],0.2469135802469171,8.395061728395058,0.06172839506172488,205.0,5.0,DETECTED_EARLY,GOOD,50,2.850000000002183,15.5,0.15531335149873807,4.164613109906353,7.357463922403601,0.3614463866391482,-0.23657440264963334,235,True,True,-7,False,OPTION_LEAD,False,0.059171597633136175,105.55,0.2371,0.0473,0.14211274277594096,EVENT_INVALIDATED,10.0,0.14211274277594096,7.3424917100900045,0.0,205.0,5.0,0.019354838709678156,105.8
2026-09-18,NIFTY,15:08:05,156,-1,CURRENT_12A_MOMENTUM_EVENT,WEAK,MODE_A,15:06-15:09,False,False,False,['WEAK_MOMENTUM'],1.6023738872403492,4.213649851632044,-1.958456973293775,145.0,300.0,DETECTED_LATE,GOOD,60,4.69999999999709,10.80000000000291,0.30322580645142516,4.300308861962467,3.371298405466973,0.5605486193512341,-0.7061503416856544,175,True,True,0,False,SYNCHRONIZED,False,0.17127071823204523,109.05,0.1376,0.2705,1.5589179275561695,MOMENTUM_FADE,85.0,3.7138927097661596,3.897294818890417,-1.3296652911508509,145.0,300.0,0.40000000000000074,109.85
2026-09-18,NIFTY,15:09:35,174,-1,CURRENT_12A_CONTINUATION_EVENT,STRONG,MODE_A,15:09-15:12,False,True,True,[],-0.1724137931034548,0.9195402298850541,-5.344827586206903,55.0,220.0,DETECTED_LATE,GOOD,60,2.599999999998545,4.150000000001455,0.3851851851849696,0.8325832583258429,1.2720374916313297,0.39559776189738,0.3570631555456295,85,True,True,2,False,SYNCHRONIZED,False,0.36904761904762023,112.55,0.2224,0.2677,-0.5775211017325558,MOMENTUM_FAILURE,30.0,0.0,0.6663705019991115,-4.9755664149266945,55.0,230.0,-0.8666666666666554,112.15
2026-09-18,NIFTY,15:12:10,205,-1,CURRENT_12A_MOMENTUM_EVENT,WEAK,MODE_A,15:12-15:15,False,False,False,"['WEAK_MOMENTUM', 'OPTION_NOT_RESPONDING']",-0.8570139828597102,1.804239963915201,-3.518267929634634,30.0,75.0,DETECTED_EARLY,GOOD,45,2.75,2.2999999999992724,0.544554455445623,1.665905979005023,1.3916947250280558,0.5448409194855419,-0.5611672278338945,40,True,True,-2,False,SYNCHRONIZED,False,0.3999999999999986,110.85,0.1806,0.2726,-0.8570139828597102,EVENT_INVALIDATED,5.0,0.0,1.804239963915201,-3.518267929634634,30.0,75.0,-0.4749999999999943,111.5
2026-09-18,NIFTY,15:13:40,223,1,CURRENT_12A_MOMENTUM_EVENT,WEAK,MODE_A,15:12-15:15,False,False,False,"['WEAK_MOMENTUM', 'OPTION_NOT_RESPONDING']",-2.5405786873676743,-0.35285815102328866,-8.186309103740292,5.0,290.0,DETECTED_LATE,GOOD,50,5.0,6.19999999999709,0.4464285714286874,3.9042357274401556,0.2835873803615578,0.9322828655696446,0.2835873803615578,45,True,True,-3,True,OPTION_LEAD,False,0.11627906976744207,70.85,0.3535,0.2892,-2.5405786873676743,MOMENTUM_FAILURE,30.0,0.0,-0.35285815102328866,-8.186309103740292,5.0,290.0,,70.65
2026-09-18,NIFTY,15:18:35,282,-1,CURRENT_12A_MOMENTUM_EVENT,WEAK,MODE_B,MODE B 15:15-15:30,False,False,False,"['MODE_B_RESEARCH_ONLY', 'WEAK_MOMENTUM']",-1.330532212885158,1.7857142857142734,-2.4859943977591117,115.0,60.0,DETECTED_LATE,GOOD,60,6.849999999998545,5.30000000000291,0.5637860082302654,2.832990632853561,1.9329037991557405,0.5944300011822066,-0.4443457009553432,210,True,True,-6,True,OPTION_LEAD,False,0.218045112781953,112.05,0.0446,0.1347,-0.6693440428380187,EVENT_INVALIDATED,90.0,0.13386880856760883,2.231146809460063,-2.40963855421687,115.0,60.0,-0.29999999999999993,112.65
2026-09-18,NIFTY,15:26:55,382,1,CURRENT_12A_MOMENTUM_EVENT,WEAK,MODE_B,MODE B 15:15-15:30,False,False,False,"['MODE_B_RESEARCH_ONLY', 'WEAK_MOMENTUM']",-0.36416605972323374,2.1849963583394025,-3.2774945375091042,50.0,100.0,DETECTED_EARLY,GOOD,50,8.649999999997817,9.75,0.47010869565211105,6.98039215686275,2.969208211143682,0.7015751285155775,0.47653958944281943,180,True,True,0,False,SYNCHRONIZED,False,0.0,68.65,0.3648,0.292,-0.36416605972323374,FUTURES_DIVERGENCE,20.0,0.0,2.1849963583394025,-3.2774945375091042,50.0,100.0,-0.16666666666666666,68.3
2026-09-18,NIFTY,15:28:30,401,1,CURRENT_12A_CONTINUATION_EVENT,STRONG,MODE_B,MODE B 15:15-15:30,False,False,False,['MODE_B_RESEARCH_ONLY'],-2.1494370522006228,0.5117707267144319,-4.298874104401231,25.0,5.0,DETECTED_LATE,GOOD,55,6.0,2.599999999998545,0.6976744186047692,0.7256894049346879,0.0,1.0,-0.7204610951008645,85,True,True,1,False,SYNCHRONIZED,True,1.0,69.0,0.2903,0.2933,-1.3043478260869648,SESSION_END,80.0,0.36231884057971014,0.36231884057971014,-3.7681159420289774,25.0,5.0,-3.6000000000000227,69.5
2026-09-18,SENSEX,14:55:40,7,-1,CURRENT_12A_MOMENTUM_EVENT,WEAK,PRE,PRE 14:55-15:00,False,False,False,"['TIME_WINDOW_CLOSED', 'WEAK_MOMENTUM', 'OPTION_NOT_RESPONDING']",-0.03729487817005899,2.9587270014918037,-3.4808552958727,300.0,180.0,DETECTED_EARLY,GOOD,0,-0.0,34.04999999998836,-0.0,1.0282614181175846,3.4280362160474613,0.23074343379450793,0.393381205120197,290,False,False,,False,NO_CLEAR_ONSET,False,0.0,402.2,0.1244,0.1988,-0.03729487817005899,FUTURES_DIVERGENCE,60.0,0.22376926902039634,2.9587270014918037,-3.4808552958727,300.0,180.0,-0.012605042016804775,400.8
2026-09-18,SENSEX,14:56:50,21,-1,CURRENT_12A_MOMENTUM_EVENT,WEAK,PRE,PRE 14:55-15:00,False,False,False,"['TIME_WINDOW_CLOSED', 'WEAK_MOMENTUM', 'OPTION_NOT_RESPONDING']",-0.03725319756611878,3.9736744070532724,-3.5887246988699837,255.0,110.0,DETECTED_LATE,GOOD,60,21.27499999999418,14.700000000011642,0.591382904794739,0.8709818910959246,4.1123120884581965,0.17478035505620632,-0.024847807181007802,265,False,False,,False,OPTION_NO_RESPONSE,False,0.08783783783783504,402.65,0.1491,0.2234,-0.03725319756611878,FUTURES_DIVERGENCE,90.0,0.9189122066310805,3.9736744070532724,-3.5887246988699837,255.0,110.0,-0.009374999999998579,402.85
2026-09-18,SENSEX,14:58:05,36,-1,CURRENT_12A_CONTINUATION_EVENT,STRONG,PRE,PRE 14:55-15:00,False,False,False,"['TIME_WINDOW_CLOSED', 'OPTION_NOT_RESPONDING', 'NO_CONFIRMATION']",-2.936478682884873,2.8750460744563187,-4.607445632141541,180.0,35.0,DETECTED_LATE,GOOD,0,-0.0,30.02500000000873,-0.0,0.0,3.6102868447082153,0.0,0.5131058358061438,190,False,False,,False,NO_CLEAR_ONSET,False,0.07777777777775757,406.95,0.2337,0.1265,-2.936478682884873,MOMENTUM_FAILURE,30.0,0.0,2.8750460744563187,-4.607445632141541,180.0,35.0,-1.0213675213675215,404.75
2026-09-18,SENSEX,14:59:05,48,-1,CURRENT_12A_MOMENTUM_EVENT,WEAK,PRE,PRE 14:55-15:00,False,False,False,"['TIME_WINDOW_CLOSED', 'WEAK_MOMENTUM', 'OPTION_NOT_RESPONDING', 'NO_CONFIRMATION']",5.215621422210914,6.513166263834109,0.0890471950133484,120.0,30.0,DETECTED_EARLY,GOOD,15,4.400000000008731,52.55000000000291,0.07726075504842549,0.9135357694287067,6.84686982022186,0.11771752891975343,0.17850312380467817,130,False,False,,False,NO_CLEAR_ONSET,False,0.14572864321607454,393.05,0.1018,0.2656,5.215621422210914,TARGET,75.0,5.215621422210914,6.513166263834109,0.0890471950133484,120.0,30.0,0.8007812500000009,392.25
2026-09-18,SENSEX,15:02:55,94,-1,CURRENT_12A_MOMENTUM_EVENT,WEAK,MODE_A,15:00-15:03,False,False,False,"['WEAK_MOMENTUM', 'OPTION_NOT_RESPONDING']",1.3476722025592127,4.111080860332144,-1.8513476722025624,300.0,195.0,NO_FOLLOW_THROUGH,GOOD,60,6.17500000000291,20.79999999998836,0.2289156626507844,0.7075759424179522,3.609933373712896,0.16388521497205452,-0.1393095093882468,300,True,False,,False,OPTION_NO_RESPONSE,True,0.5694444444444448,412.55,0.182,0.191,1.418009938189302,TIME_EXIT,120.0,2.0845958065688923,4.157071870076349,-1.6604047994182576,300.0,195.0,0.3411078717201151,413.2
2026-09-18,SENSEX,15:09:05,168,-1,CURRENT_12A_MOMENTUM_EVENT,WEAK,MODE_A,15:09-15:12,False,False,False,['WEAK_MOMENTUM'],-1.60714285714286,-0.12755102040816327,-4.910714285714286,10.0,245.0,DETECTED_LATE,GOOD,55,50.39999999999418,2.375,0.9549976314542821,2.355898515140897,0.542578102690045,0.8128057686054131,0.542578102690045,5,True,True,6,False,UNDERLYING_LEAD,False,0.0,440.7,0.2727,0.2531,-1.497617426820959,MOMENTUM_FAILURE,30.0,0.0,-0.35171318357159326,-4.697072838665757,10.0,245.0,,438.2
2026-09-18,SENSEX,15:09:35,174,-1,CURRENT_12A_CONTINUATION_EVENT,STRONG,MODE_A,15:09-15:12,False,False,False,['NO_CONFIRMATION'],-0.12637867647059084,0.6318933823529412,-3.4926470588235268,55.0,215.0,NO_FOLLOW_THROUGH,GOOD,50,6.525000000008731,8.47500000000582,0.4350000000001601,0.30609298296274645,1.007600184246891,0.23300188400378619,0.1036388760939633,195,True,True,0,False,SYNCHRONIZED,True,0.7543252595155748,435.2,0.2531,0.1839,-0.12637867647059084,TIME_EXIT,120.0,0.6318933823529412,0.6318933823529412,-3.4926470588235268,55.0,215.0,-0.2000000000000041,434.75
2026-09-18,SENSEX,15:10:35,186,-1,CURRENT_12A_CONTINUATION_EVENT,STRONG,MODE_A,15:09-15:12,False,False,False,['NO_CONFIRMATION'],0.0,0.06854792642522824,-4.8326288129784025,15.0,280.0,NO_FOLLOW_THROUGH,GOOD,55,5.9249999999883585,7.550000000017462,0.4397031539878144,1.4946990325010245,0.13699412066898015,0.9160417383606518,-0.11416176722415662,135,True,False,,False,OPTION_NO_RESPONSE,False,0.13138686131386484,437.65,0.08,0.0799,0.0,TIME_EXIT,120.0,0.06854792642522824,0.06854792642522824,-4.8326288129784025,15.0,280.0,0.0,438.4
2026-09-18,SENSEX,15:14:45,236,1,CURRENT_12A_MOMENTUM_EVENT,WEAK,MODE_A,15:12-15:15,False,False,False,"['WEAK_MOMENTUM', 'OPTION_NOT_RESPONDING']",1.3513513513513442,2.871621621621611,-2.3034398034398036,30.0,225.0,DETECTED_LATE,GOOD,35,0.07499999999708962,12.57499999999709,0.0059288537547133695,0.3216511425316595,2.718589272593684,0.10579792997008705,-0.4141339923852661,90,False,False,,False,NO_CLEAR_ONSET,True,1.291666666666641,372.95,0.1207,0.1058,1.2870357956830705,MOMENTUM_FADE,105.0,3.029896769003891,3.029896769003891,-1.9707735621396878,30.0,200.0,0.42477876106194745,374.75
2026-09-18,SENSEX,15:22:05,324,-1,CURRENT_12A_MOMENTUM_EVENT,STRONG,MODE_B,MODE B 15:15-15:30,False,False,False,"['MODE_B_RESEARCH_ONLY', 'OPTION_NOT_RESPONDING']",1.6357051057366516,1.6357051057366516,-4.837013669821238,120.0,280.0,DETECTED_LATE,GOOD,50,8.07499999999709,12.25,0.3972939729396431,0.9700746663531071,1.3741702573657801,0.4138111408658572,-0.4425294049144134,130,True,False,,False,OPTION_NO_RESPONSE,True,0.800000000000003,427.95,0.2339,0.1379,1.6357051057366516,TIME_EXIT,120.0,1.6357051057366516,1.6357051057366516,-4.837013669821238,120.0,280.0,1.0,429.6
2026-09-18,SENSEX,15:23:05,336,-1,CURRENT_12A_CONTINUATION_EVENT,STRONG,MODE_B,MODE B 15:15-15:30,False,False,False,['MODE_B_RESEARCH_ONLY'],-1.630151278038602,0.6520605112154408,-7.2509128847156905,60.0,280.0,NO_FOLLOW_THROUGH,GOOD,50,11.89999999999418,3.8250000000116415,0.7567567567561064,1.4504620423441312,0.36896114377955097,0.7972098263924897,-0.3170759829355471,70,False,False,,False,NO_CLEAR_ONSET,False,0.2217741935483875,432.4,0.0578,0.2554,-0.5319148936170107,MOMENTUM_FAILURE,30.0,0.0,0.5897317298797436,-6.7414431082331125,60.0,280.0,-0.9019607843137035,433.8
2026-09-18,SENSEX,15:24:05,348,-1,CURRENT_12A_CONTINUATION_EVENT,STRONG,MODE_B,MODE B 15:15-15:30,False,False,False,"['MODE_B_RESEARCH_ONLY', 'OPTION_NOT_RESPONDING', 'NO_CONFIRMATION']",-1.8597175984387606,-0.34439214785902883,-7.415910917231089,5.0,220.0,NO_FOLLOW_THROUGH,GOOD,35,2.6749999999883585,6.875,0.28010471204100723,0.6513142591300329,0.5893228564825541,0.5249836966294812,0.5893228564825541,10,False,False,,False,NO_CLEAR_ONSET,False,0.0,435.55,0.1379,0.2453,-1.8597175984387606,MOMENTUM_FAILURE,30.0,0.0,-0.34439214785902883,-7.415910917231089,5.0,220.0,,433.35
2026-09-18,SENSEX,15:27:45,392,1,CURRENT_12A_MOMENTUM_EVENT,STRONG,MODE_B,MODE B 15:15-15:30,False,False,False,['MODE_B_RESEARCH_ONLY'],-0.5881584106652725,-0.26140373807345446,-3.2283361652071685,5.0,125.0,NO_FOLLOW_THROUGH,GOOD,60,22.22500000000582,0.8000000000029104,0.9652551574374546,2.9780883250797157,0.6851119894598215,0.8129744675057607,0.6851119894598215,10,True,True,0,False,SYNCHRONIZED,False,0.0,382.55,0.2355,0.2888,-0.5881584106652725,MOMENTUM_FAILURE,30.0,0.0,-0.26140373807345446,-3.2283361652071685,5.0,125.0,,379.9
