date,symbol,time,i,dir,family,mode,window,expiry,approved,reasons,approved_v1,reasons_v1,anat_onset_to_det_s,anat_pre_fut,anat_fut_mfe_after,anat_fut_consumed,anat_pre_opt,anat_opt_mfe_after,anat_opt_consumed,anat_det_to_entry_opt,anat_t_fut_peak_after_det,anat_resp_f_before_det,anat_resp_o_before_det,anat_resp_lag_bars,anat_acc_both_before,anat_cls,anat_fade,anat_fade_ratio,sim5_entry_ask,sim5_spread_in,sim5_spread_out,sim5_pnl,sim5_reason,sim5_hold,sim5_peak,sim5_mfe,sim5_mae,sim5_t_mfe,sim5_t_mae,sim5_capture,sim5_plan_ask
2026-09-17,NIFTY,14:56:25,16,1,C_OPTION_LEADS,PRE,PRE 14:55-15:00,False,False,"['WINDOW', 'NO_DIRECTIONAL_AGREEMENT']",False,"['WINDOW', 'NO_DIRECTIONAL_AGREEMENT']",0,0.0,0.0,,1.3531209079004778,0.0861326442721865,0.940154641868236,0.0861326442721865,,False,False,,False,FALSE_OPTION_MOVE,False,0.0,116.35,0.2582,0.2601,-0.9883970777825454,EVENT_INVALIDATED,10.0,0.0,-0.9883970777825454,-6.660936828534594,5.0,225.0,,116.25
2026-09-17,NIFTY,14:56:55,22,-1,A_EARLY_MOMENTUM,PRE,PRE 14:55-15:00,False,False,"['WINDOW', 'NOT_EARLY']",False,"['WINDOW', 'NOT_EARLY']",50,8.900000000001455,8.299999999999272,0.517441860465179,2.7032690695725137,3.733931850642717,0.41994480257455263,-1.2038359518465689,215,True,True,-7,True,OPTION_LEAD,False,0.45736434108527274,121.2,0.2478,0.0819,0.7425742574257355,MOMENTUM_FADE,75.0,2.3514851485148465,4.744224422442244,-1.8151815181518174,195.0,285.0,0.1565217391304333,122.65
2026-09-17,NIFTY,14:56:55,22,-1,E_BOTH_CONFIRM,PRE,PRE 14:55-15:00,False,False,"['WINDOW', 'NOT_EARLY']",False,"['WINDOW', 'NOT_EARLY']",50,8.900000000001455,8.299999999999272,0.517441860465179,2.7032690695725137,3.733931850642717,0.41994480257455263,-1.2038359518465689,215,True,True,-7,True,OPTION_LEAD,False,0.45736434108527274,121.2,0.2478,0.0819,0.7425742574257355,MOMENTUM_FADE,75.0,2.3514851485148465,4.744224422442244,-1.8151815181518174,195.0,285.0,0.1565217391304333,122.65
2026-09-17,NIFTY,14:57:00,23,-1,G_CONTINUATION,PRE,PRE 14:55-15:00,False,False,"['WINDOW', 'NOT_EARLY', 'NO_DIRECTIONAL_AGREEMENT', 'OPTION_NOT_RESPONDING']",False,"['WINDOW', 'NOT_EARLY', 'NO_DIRECTIONAL_AGREEMENT', 'OPTION_NOT_RESPONDING']",55,10.200000000000728,7.0,0.5930232558139708,2.074601844090535,4.372818723054805,0.32177237741590137,-0.12317799219873182,210,True,True,-7,True,OPTION_LEAD,False,0.2790697674418615,121.8,0.2878,0.285,0.6978653530377739,TIME_EXIT,120.0,1.8472906403940887,4.228243021346474,-2.2988505747126418,190.0,280.0,0.1650485436893219,121.8
2026-09-17,NIFTY,14:58:20,39,1,C_OPTION_LEADS,PRE,PRE 14:55-15:00,False,False,"['WINDOW', 'NOT_EARLY']",False,['WINDOW'],45,5.049999999999272,3.7000000000007276,0.577142857142774,1.4241210502892823,1.8867924528301814,0.4301293431397436,-0.6143045195261104,290,True,False,6,False,UNDERLYING_LEAD,False,0.43749999999999944,113.4,0.2649,0.0881,0.04409171075837492,UNDERLYING_INVALIDATION,20.0,0.8818342151675485,2.248677248677246,-4.232804232804242,280.0,110.0,0.01960784313725381,114.0
2026-09-17,NIFTY,14:58:50,45,-1,B_ACCELERATION,PRE,PRE 14:55-15:00,False,False,"['WINDOW', 'NO_DIRECTIONAL_AGREEMENT', 'OPTION_NOT_RESPONDING']",False,"['WINDOW', 'NO_DIRECTIONAL_AGREEMENT', 'OPTION_NOT_RESPONDING']",10,4.80000000000291,5.19999999999709,0.480000000000291,0.9270704573547591,3.7762808736476834,0.19710848544184115,-0.6327822004490643,100,False,False,0,False,SYNCHRONIZED,True,0.7021276595744637,121.85,0.2465,0.1627,0.7796471070988945,UNDERLYING_INVALIDATION,5.0,0.7796471070988945,4.185473943373006,-4.718916700861715,80.0,250.0,0.18627450980392185,122.6
2026-09-17,NIFTY,14:59:05,48,-1,D_UNDERLYING_LEADS,PRE,PRE 14:55-15:00,False,False,"['WINDOW', 'NO_DIRECTIONAL_AGREEMENT', 'OPTION_NOT_RESPONDING']",False,"['WINDOW', 'NO_DIRECTIONAL_AGREEMENT', 'OPTION_NOT_RESPONDING']",25,2.0,8.0,0.2,1.2772970745776773,3.417412530512602,0.2720715831268364,0.2441008950366128,85,True,True,0,True,SYNCHRONIZED,False,0.0,123.25,0.0812,0.2442,-0.44624746450304026,FUTURES_DIVERGENCE,30.0,0.9330628803245483,3.002028397565925,-5.8012170385395585,65.0,235.0,-0.14864864864864777,123.0
2026-09-17,NIFTY,15:00:40,67,1,B_ACCELERATION,MODE_A,15:00-15:03,False,True,[],True,[],10,5.30000000000291,11.249999999996362,0.32024169184309026,2.7822487928259423,3.892617449664425,0.41682465112407946,2.1029082774049166,290,False,True,-3,False,OPTION_LEAD,False,0.0,114.2,0.1753,0.2196,-0.43782837127845886,MOMENTUM_FAILURE,30.0,0.0,1.532399299474606,-2.320490367775837,140.0,250.0,-0.2857142857142857,111.9
2026-09-17,NIFTY,15:00:45,68,1,D_UNDERLYING_LEADS,MODE_A,15:00-15:03,False,True,[],True,[],15,3.5500000000029104,12.999999999996362,0.2145015105742034,3.702000459875839,2.971175166297112,0.5547584339540194,1.1973392461197288,285,True,True,-3,True,OPTION_LEAD,False,0.0,114.25,0.2629,0.3063,-0.13129102844639445,MOMENTUM_FAILURE,30.0,0.0,1.4879649890590834,-2.3632385120350134,135.0,245.0,-0.08823529411765024,112.9
2026-09-17,NIFTY,15:00:50,69,1,A_EARLY_MOMENTUM,MODE_A,15:00-15:03,False,True,[],False,['NOT_EARLY'],20,7.950000000000728,8.599999999998545,0.4803625377644155,4.943665210393195,1.7528483786152498,0.7382446320287697,-0.32865907099035935,280,True,True,-3,True,OPTION_LEAD,False,0.06976744186046512,113.85,0.2198,0.1737,1.0540184453227956,TIME_EXIT,120.0,1.3175230566534917,1.8445322793148957,-2.020202020202018,130.0,240.0,0.5714285714285704,114.2
2026-09-17,NIFTY,15:02:00,83,-1,C_OPTION_LEADS,MODE_A,15:00-15:03,False,True,[],True,[],30,2.9500000000007276,1.5499999999992724,0.6555555555557172,1.9509125235997509,0.7818930041152287,0.7138863354213849,0.7818930041152287,5,False,True,,False,FALSE_OPTION_MOVE,False,0.0,122.6,0.245,0.2906,-1.9168026101141882,EVENT_INVALIDATED,25.0,0.0,-0.6117455138662317,-8.401305057096247,10.0,300.0,,121.65
2026-09-17,NIFTY,15:02:40,91,1,E_BOTH_CONFIRM,MODE_A,15:00-15:03,False,False,['NOT_EARLY'],True,[],35,5.700000000000728,10.399999999997817,0.35403726708082256,2.0222222222222275,2.2435199302983997,0.4740610543061766,0.13069048137659897,300,True,True,-4,True,OPTION_LEAD,False,0.0,115.05,0.2175,0.2176,-0.2607561929595803,FUTURES_DIVERGENCE,45.0,0.7822685788787533,1.8687527162103483,-3.0421555845284662,260.0,130.0,-0.13953488372092854,114.9
2026-09-17,NIFTY,15:03:35,102,-1,C_OPTION_LEADS,MODE_A,15:03-15:06,False,False,['NO_DIRECTIONAL_AGREEMENT'],False,['NO_DIRECTIONAL_AGREEMENT'],5,0.2999999999992724,3.2999999999992724,0.08333333333316491,1.9574101957410246,2.4261603375527425,0.44653329537513975,-0.12658227848101744,95,False,True,,False,FALSE_OPTION_MOVE,False,0.12371134020618968,118.5,0.2535,0.2563,-1.35021097046413,EVENT_INVALIDATED,20.0,0.12658227848101744,2.320675105485232,-5.232067510548526,75.0,205.0,-0.5818181818181797,118.65
2026-09-17,NIFTY,15:04:35,114,-1,C_OPTION_LEADS,MODE_A,15:03-15:06,False,False,['NO_DIRECTIONAL_AGREEMENT'],False,['NO_DIRECTIONAL_AGREEMENT'],5,1.2000000000007276,5.450000000000728,0.1804511278196188,1.5862808145766298,2.4477737919392326,0.39322244473697665,0.6963494408103,35,False,False,,False,FALSE_OPTION_MOVE,False,0.0,119.45,0.2515,0.3038,-3.6835496023440815,EVENT_INVALIDATED,115.0,1.5069066555043926,1.5069066555043926,-5.9857681038091295,15.0,145.0,-2.4444444444444513,118.65
2026-09-17,NIFTY,15:04:40,115,-1,B_ACCELERATION,MODE_A,15:03-15:06,False,True,[],True,[],10,6.05000000000291,0.5999999999985448,0.9097744360904642,2.1436227224008575,1.888772298006296,0.5316003793161154,0.5666316894018864,30,False,True,-1,False,SYNCHRONIZED,False,0.0,119.95,0.2504,0.206,1.0837849103793222,UNDERLYING_INVALIDATION,10.0,1.0837849103793222,1.0837849103793222,-6.377657357232184,10.0,140.0,1.0,119.3
2026-09-17,NIFTY,15:04:40,115,-1,E_BOTH_CONFIRM,MODE_A,15:03-15:06,False,True,[],True,[],10,6.05000000000291,0.5999999999985448,0.9097744360904642,2.1436227224008575,1.888772298006296,0.5316003793161154,0.5666316894018864,30,False,True,-1,False,SYNCHRONIZED,False,0.0,119.95,0.2504,0.206,1.0837849103793222,UNDERLYING_INVALIDATION,10.0,1.0837849103793222,1.0837849103793222,-6.377657357232184,10.0,140.0,1.0,119.3
2026-09-17,NIFTY,15:04:45,116,-1,A_EARLY_MOMENTUM,MODE_A,15:03-15:06,False,False,['OPTION_NOT_RESPONDING'],False,"['NOT_EARLY', 'OPTION_NOT_RESPONDING']",15,6.200000000000728,0.4500000000007276,0.9323308270675745,2.2936763129689153,1.739312657166809,0.5687286352513196,0.46102263202011495,25,True,True,-1,True,SYNCHRONIZED,False,0.0,120.0,0.2503,0.0845,-1.416666666666669,EVENT_INVALIDATED,20.0,1.0416666666666665,1.0416666666666665,-6.416666666666669,5.0,135.0,-1.3600000000000023,119.45
2026-09-17,NIFTY,15:05:10,121,1,D_UNDERLYING_LEADS,MODE_A,15:03-15:06,False,False,"['NO_DIRECTIONAL_AGREEMENT', 'OPTION_NOT_RESPONDING']",False,"['NO_DIRECTIONAL_AGREEMENT', 'OPTION_NOT_RESPONDING']",0,0.0,12.900000000001455,0.0,0.6490599820948919,4.380698243273291,0.1290439724957913,1.8234378474538557,155,False,False,,False,FALSE_OPTION_MOVE,False,0.0,114.6,0.2184,0.1315,-0.5235602094240789,MOMENTUM_FAILURE,30.0,0.0,2.2687609075043706,-1.0471204188481578,110.0,25.0,-0.23076923076922784,112.5
2026-09-17,NIFTY,15:07:55,154,-1,E_BOTH_CONFIRM,MODE_A,15:06-15:09,False,True,[],True,[],10,6.0,3.400000000001455,0.6382978723403268,3.4015117830146755,3.3756181466351296,0.5019103688912812,0.6665233283164838,265,True,True,-5,True,OPTION_LEAD,False,0.0,117.15,0.1709,0.2571,-0.5121638924455898,EVENT_INVALIDATED,5.0,0.0,2.5181391378574376,-3.0303030303030396,240.0,35.0,-0.20338983050847825,116.4
2026-09-17,NIFTY,15:08:00,155,-1,A_EARLY_MOMENTUM,MODE_A,15:06-15:09,False,False,"['NO_DIRECTIONAL_AGREEMENT', 'OPTION_NOT_RESPONDING']",False,"['NO_DIRECTIONAL_AGREEMENT', 'OPTION_NOT_RESPONDING']",15,6.0,3.400000000001455,0.6382978723403268,2.712316585148953,4.069264069264071,0.39995345087932394,1.0389610389610413,260,True,True,-5,True,OPTION_LEAD,False,0.07608695652173798,116.85,0.2571,0.0867,-1.3264869490800146,EVENT_INVALIDATED,5.0,0.0,2.7813436029097134,-2.7813436029097134,235.0,30.0,-0.476923076923076,115.6
2026-09-17,NIFTY,15:08:05,156,-1,D_UNDERLYING_LEADS,MODE_A,15:06-15:09,False,False,"['NO_DIRECTIONAL_AGREEMENT', 'OPTION_NOT_RESPONDING']",False,"['NO_DIRECTIONAL_AGREEMENT', 'OPTION_NOT_RESPONDING']",20,3.0500000000029104,6.349999999998545,0.3244680851066424,4.090706980880386,2.691157624946609,0.6031832274217979,-1.4523707817172173,255,True,True,-5,True,OPTION_LEAD,False,0.36956521739130543,115.4,0.0867,0.1726,0.3466204506065784,EVENT_INVALIDATED,10.0,0.8665511265164645,4.072790294627373,-1.5597920277296458,230.0,25.0,0.0851063829787218,117.15
2026-09-17,NIFTY,15:08:15,158,1,C_OPTION_LEADS,MODE_A,15:06-15:09,False,True,[],True,[],20,3.75,1.0499999999992724,0.7812500000001185,0.9450549450549475,2.9827999129109486,0.24060332655579836,-0.3483561942085832,130,True,False,2,False,SYNCHRONIZED,False,0.3720930232558183,114.55,0.2185,0.2159,0.9602793539938965,MOMENTUM_FADE,60.0,2.0951549541684904,4.975993016150156,-0.0872981230903486,300.0,70.0,0.19298245614035225,114.9
2026-09-17,NIFTY,15:12:00,203,-1,D_UNDERLYING_LEADS,MODE_A,15:12-15:15,False,False,['NOT_EARLY'],True,[],40,4.75,2.0,0.7037037037037037,2.0598853259715537,0.041614648356219024,0.9801976450799003,-0.8739076154806587,20,True,True,0,False,SYNCHRONIZED,False,0.44444444444444636,119.25,0.2519,0.0848,-1.174004192872122,EVENT_INVALIDATED,5.0,0.0,-0.796645702306082,-11.530398322851152,10.0,280.0,,120.3
2026-09-17,NIFTY,15:12:15,206,1,E_BOTH_CONFIRM,MODE_A,15:12-15:15,False,True,[],True,[],10,3.8000000000029104,13.94999999999709,0.2140845070424175,1.4619245036002593,6.623655913978498,0.18080637729134544,0.6666666666666715,275,True,False,1,False,SYNCHRONIZED,False,0.0,117.15,0.2136,0.2135,-0.17072129748186327,EVENT_INVALIDATED,5.0,0.0,5.7618437900128034,-0.5121638924455898,135.0,35.0,-0.02962962962963005,116.35
2026-09-17,NIFTY,15:12:40,211,1,B_ACCELERATION,MODE_A,15:12-15:15,False,False,['OPTION_NOT_RESPONDING'],False,"['NOT_EARLY', 'OPTION_NOT_RESPONDING']",20,7.200000000000728,11.549999999999272,0.3840000000000388,2.836569932358717,5.198387438998515,0.3530286224629435,-0.1909611712285241,250,True,True,-2,True,SYNCHRONIZED,False,0.17687074829932142,117.7,0.1701,0.2125,-0.16992353440951813,EVENT_INVALIDATED,5.0,0.0,5.26762956669499,-0.9770603228547201,110.0,10.0,-0.032258064516129475,117.95
2026-09-17,NIFTY,15:13:20,219,1,C_OPTION_LEADS,MODE_A,15:12-15:15,False,False,['NOT_EARLY'],False,['NOT_EARLY'],60,7.549999999999272,11.200000000000728,0.40266666666662787,2.8866867729427046,3.8107202680066976,0.4310155789088037,0.3768844221105432,210,True,True,0,True,SYNCHRONIZED,False,0.12643678160919777,119.95,0.1669,0.2466,1.2922050854522693,TRAIL_STOP,75.0,3.293038766152566,3.293038766152566,-0.9170487703209742,70.0,95.0,0.3924050632911382,119.55
2026-09-17,NIFTY,15:13:25,220,1,E_BOTH_CONFIRM,MODE_A,15:12-15:15,False,False,['NOT_EARLY'],False,['NOT_EARLY'],55,8.450000000000728,8.200000000000728,0.5075075075075068,3.2147449635662233,2.948504983388702,0.5215989926150133,-0.14534883720931174,205,True,True,5,True,UNDERLYING_LEAD,False,0.0466666666666697,120.35,0.2079,0.252,-1.2048192771084245,MOMENTUM_FAILURE,30.0,0.0,2.949729954299968,-1.2463647694225177,65.0,90.0,-0.4084507042253477,120.55
2026-09-17,NIFTY,15:14:35,234,1,A_EARLY_MOMENTUM,MODE_A,15:12-15:15,False,True,[],True,[],15,5.94999999999709,4.150000000001455,0.5891089108908858,3.4439311213775796,0.649614291514411,0.841307662187269,-1.2180267965895248,135,True,True,-1,False,SYNCHRONIZED,False,0.46938775510203967,121.8,0.2466,0.2477,-0.6978653530377622,EVENT_INVALIDATED,10.0,0.4926108374384307,1.0673234811165822,-2.4220032840722516,285.0,20.0,-0.653846153846151,123.3
2026-09-17,NIFTY,15:14:40,235,1,E_BOTH_CONFIRM,MODE_A,15:12-15:15,False,True,[],False,['NOT_EARLY'],20,7.049999999999272,3.0499999999992724,0.6980198019802265,4.115917681646372,0.0,1.0,-1.1496571198063712,130,True,True,-1,True,SYNCHRONIZED,False,0.29081632653061135,122.65,0.204,0.2477,-1.386057888300043,UNDERLYING_INVALIDATION,5.0,0.0,0.3668976763147074,-3.0982470444353942,280.0,15.0,-3.7777777777778794,124.0
2026-09-17,NIFTY,15:14:45,236,-1,C_OPTION_LEADS,MODE_A,15:12-15:15,False,False,['NO_DIRECTIONAL_AGREEMENT'],False,['NO_DIRECTIONAL_AGREEMENT'],5,0.8500000000021828,4.19999999999709,0.1683168316836248,1.794753796594559,2.1247739602170057,0.4579005196418216,0.22603978300180833,200,False,False,,False,FALSE_OPTION_MOVE,False,0.0,110.95,0.1804,0.2367,-4.912122577737723,UNDERLYING_INVALIDATION,115.0,1.7575484452456085,1.7575484452456085,-4.912122577737723,10.0,115.0,-2.794871794871793,110.7
2026-09-17,NIFTY,15:14:50,237,1,D_UNDERLYING_LEADS,MODE_A,15:12-15:15,False,False,"['NO_DIRECTIONAL_AGREEMENT', 'OPTION_NOT_RESPONDING']",False,"['NOT_EARLY', 'NO_DIRECTIONAL_AGREEMENT', 'OPTION_NOT_RESPONDING']",30,6.349999999998545,3.75,0.6287128712870752,2.918941621167584,0.5713119771475117,0.8363121873369574,-1.5302999387880025,120,True,True,-1,True,SYNCHRONIZED,True,0.6734693877551007,120.8,0.2487,0.2521,-1.6142384105960288,UNDERLYING_INVALIDATION,5.0,0.0,1.9039735099337725,-1.6142384105960288,270.0,5.0,-0.8478260869565241,122.65
2026-09-17,NIFTY,15:16:25,256,1,C_OPTION_LEADS,MODE_B,MODE B 15:15-15:30,False,False,"['WINDOW', 'NOT_EARLY']",False,['WINDOW'],50,1.4000000000014552,3.7999999999992724,0.2692307692310114,1.2528711630820633,1.6498247061249742,0.4316232976292912,1.0105176325015537,25,False,False,,False,FALSE_OPTION_MOVE,False,0.0,122.6,0.245,0.1224,-0.12234910277323938,FUTURES_DIVERGENCE,15.0,0.0,0.4078303425774878,-3.8743882544861337,175.0,285.0,-0.29999999999998295,121.3
2026-09-17,NIFTY,15:18:00,275,-1,D_UNDERLYING_LEADS,MODE_B,MODE B 15:15-15:30,False,False,"['WINDOW', 'NOT_EARLY', 'OPTION_NOT_RESPONDING']",False,"['WINDOW', 'OPTION_NOT_RESPONDING']",50,5.44999999999709,2.2000000000007276,0.7124183006534176,4.0206912767458185,1.5370705244122993,0.7234371354144744,-0.5198915009041489,205,True,True,-5,True,OPTION_LEAD,False,0.24102564102564045,110.15,0.2272,0.2244,1.0440308669995382,UNDERLYING_INVALIDATION,10.0,1.0440308669995382,1.8610985020426665,-2.2242396731729484,115.0,210.0,0.5609756097560941,110.65
2026-09-17,NIFTY,15:19:30,293,1,C_OPTION_LEADS,MODE_B,MODE B 15:15-15:30,False,False,"['WINDOW', 'NOT_EARLY']",False,['WINDOW'],50,1.500000000003638,0.0,1.0,3.246753246753247,0.0,1.0,-0.5072022722661798,,False,True,,False,FALSE_OPTION_MOVE,False,0.16129032258064516,122.75,0.2447,0.2055,-1.0183299389002036,UNDERLYING_INVALIDATION,10.0,0.0,-0.12219959266802907,-5.580448065173112,5.0,235.0,,123.35
2026-09-17,NIFTY,15:20:35,306,-1,C_OPTION_LEADS,MODE_B,MODE B 15:15-15:30,False,False,"['WINDOW', 'NOT_EARLY']",False,['WINDOW'],60,1.4500000000007276,6.099999999998545,0.19205298013256522,1.8497109826589597,3.064699205448354,0.3763851432538517,-0.6129398410896683,180,True,False,9,False,UNDERLYING_LEAD,False,0.3374999999999986,109.55,0.1827,0.1832,-0.4107713372889118,MOMENTUM_FAILURE,30.0,0.0,3.468735737106342,-1.6887266088543993,170.0,55.0,-0.11842105263157979,110.25
2026-09-17,NIFTY,15:21:35,318,1,E_BOTH_CONFIRM,MODE_B,MODE B 15:15-15:30,False,False,['WINDOW'],False,['WINDOW'],10,3.600000000002183,3.7999999999956344,0.48648648648692494,1.4624841034336535,0.9818257781491516,0.5983218880932669,0.041779820346770136,200,True,False,1,False,SYNCHRONIZED,False,0.1931818181818231,119.85,0.2088,0.2963,-1.5853149770546446,EVENT_INVALIDATED,25.0,0.0,0.7509386733416819,-3.29578639966624,185.0,110.0,-2.1111111111110885,119.75
2026-09-17,NIFTY,15:24:00,347,1,C_OPTION_LEADS,MODE_B,MODE B 15:15-15:30,False,False,"['WINDOW', 'NO_DIRECTIONAL_AGREEMENT']",False,"['WINDOW', 'NO_DIRECTIONAL_AGREEMENT']",25,1.1500000000014552,10.19999999999709,0.1013215859032249,2.046090889511092,2.0261713803292456,0.5024457547011858,0.5276487969607428,200,False,True,,False,FALSE_OPTION_MOVE,False,0.0,119.2,0.21,0.2528,-0.5872483221476533,FUTURES_DIVERGENCE,5.0,0.0,1.3003355704697963,-2.600671140939604,40.0,285.0,-0.45161290322580905,118.6
2026-09-17,NIFTY,15:24:20,351,1,D_UNDERLYING_LEADS,MODE_B,MODE B 15:15-15:30,False,False,"['WINDOW', 'NOT_EARLY', 'OPTION_NOT_RESPONDING']",False,"['WINDOW', 'OPTION_NOT_RESPONDING']",45,2.75,8.599999999998545,0.24229074889870947,2.8214516476416036,1.2568077084206117,0.6918274198151712,0.37704231252618586,180,True,True,-7,True,OPTION_LEAD,False,0.0,119.95,0.2504,0.2092,-0.4585243851604812,FUTURES_DIVERGENCE,5.0,0.0,0.6669445602334282,-3.2096706961233914,20.0,265.0,-0.687499999999999,119.4
2026-09-17,NIFTY,15:25:30,365,-1,C_OPTION_LEADS,MODE_B,MODE B 15:15-15:30,False,False,"['WINDOW', 'NOT_EARLY', 'OPTION_NOT_RESPONDING']",False,"['WINDOW', 'OPTION_NOT_RESPONDING']",35,2.7999999999992724,6.850000000002183,0.2901554404143886,1.204819277108431,3.5943223443223418,0.25104891085694553,-0.2976190476190502,205,True,True,2,False,SYNCHRONIZED,False,0.2500000000000027,109.0,0.2296,0.2293,-0.09174311926604983,EVENT_INVALIDATED,5.0,0.0,3.715596330275227,-0.3211009174311874,240.0,15.0,-0.024691358024689972,109.35
2026-09-17,NIFTY,15:26:50,381,-1,B_ACCELERATION,MODE_B,MODE B 15:15-15:30,False,False,"['WINDOW', 'NOT_EARLY', 'NO_DIRECTIONAL_AGREEMENT', 'OPTION_NOT_RESPONDING']",False,"['WINDOW', 'NO_DIRECTIONAL_AGREEMENT', 'OPTION_NOT_RESPONDING']",55,5.799999999999272,2.0500000000029104,0.7388535031844152,1.586206896551719,2.3987327449649296,0.3980504196414921,-0.20366598778003558,125,True,True,-4,False,OPTION_LEAD,False,0.2307692307692319,110.4,0.2721,0.2259,0.13586956521738358,EVENT_INVALIDATED,5.0,0.13586956521738358,2.400362318840572,-1.3134057971014519,160.0,15.0,0.05660377358490262,110.55
2026-09-17,NIFTY,15:27:15,386,1,A_EARLY_MOMENTUM,MODE_B,MODE B 15:15-15:30,False,False,['WINDOW'],False,['WINDOW'],15,5.799999999999272,3.75,0.6073298429319073,1.4830508474576272,0.0,1.0,-0.8141962421711852,5,True,False,,False,OPTION_NO_RESPONSE,True,0.5571428571428539,118.9,0.2105,0.2527,-0.29436501261565057,EVENT_INVALIDATED,30.0,0.25231286795626334,0.25231286795626334,-2.7333894028595456,5.0,135.0,-1.1666666666667063,119.9
2026-09-17,NIFTY,15:28:40,403,-1,E_BOTH_CONFIRM,MODE_B,MODE B 15:15-15:30,False,False,['WINDOW'],False,['WINDOW'],5,5.25,1.2000000000043656,0.8139534883715421,1.988571428571426,1.4119229045271204,0.5847889258969682,0.2465262214253749,15,False,False,0,False,SYNCHRONIZED,False,0.0,111.9,0.1341,0.2656,0.8042895442359174,SESSION_END,70.0,1.027703306523674,1.027703306523674,-0.580875781948173,50.0,10.0,0.7826086956521725,111.7
2026-09-17,NIFTY,15:28:50,405,-1,A_EARLY_MOMENTUM,MODE_B,MODE B 15:15-15:30,False,False,"['WINDOW', 'OPTION_NOT_RESPONDING']",False,"['WINDOW', 'OPTION_NOT_RESPONDING']",15,6.0,0.4500000000043656,0.9302325581389053,2.240000000000003,1.162530739995526,0.6583335085469195,-0.4024144869215317,5,True,True,0,False,SYNCHRONIZED,False,0.38461538461538464,111.5,0.2245,0.2656,1.1659192825112081,SESSION_END,60.0,1.3901345291479796,1.3901345291479796,0.08968609865470342,40.0,5.0,0.8387096774193544,111.9
2026-09-17,NIFTY,15:28:50,405,-1,D_UNDERLYING_LEADS,MODE_B,MODE B 15:15-15:30,False,False,"['WINDOW', 'OPTION_NOT_RESPONDING']",False,"['WINDOW', 'OPTION_NOT_RESPONDING']",15,6.0,0.4500000000043656,0.9302325581389053,2.240000000000003,1.162530739995526,0.6583335085469195,-0.4024144869215317,5,True,True,0,False,SYNCHRONIZED,False,0.38461538461538464,111.5,0.2245,0.2656,1.1659192825112081,SESSION_END,60.0,1.3901345291479796,1.3901345291479796,0.08968609865470342,40.0,5.0,0.8387096774193544,111.9
2026-09-17,SENSEX,14:56:10,13,-1,C_OPTION_LEADS,PRE,PRE 14:55-15:00,True,False,"['WINDOW', 'NOT_EARLY', 'OPTION_NOT_RESPONDING']",False,"['WINDOW', 'OPTION_NOT_RESPONDING']",60,13.5,36.125,0.27204030226700254,5.982173465889609,12.307941128901833,0.3270714043307952,1.164483260553137,250,True,True,-2,True,SYNCHRONIZED,False,0.0,156.6,0.2878,0.0911,5.108556832694764,TARGET,40.0,5.108556832694764,10.696040868454663,-8.04597701149425,240.0,300.0,0.4776119402985074,154.75
2026-09-17,SENSEX,14:57:15,26,-1,C_OPTION_LEADS,PRE,PRE 14:55-15:00,True,False,"['WINDOW', 'NOT_EARLY']",False,['WINDOW'],50,12.25,21.75,0.3602941176470588,8.88998035363459,4.405352578559609,0.6686542111410992,-1.4884979702300372,185,False,True,,False,FALSE_OPTION_MOVE,False,0.18532110091742954,164.0,0.2442,0.3098,-1.7378048780487771,EVENT_INVALIDATED,5.0,0.0,5.701219512195118,-17.439024390243897,175.0,245.0,-0.30481283422459854,166.5
2026-09-17,SENSEX,14:57:35,30,-1,G_CONTINUATION,PRE,PRE 14:55-15:00,True,False,"['WINDOW', 'NOT_EARLY', 'OPTION_NOT_RESPONDING']",False,"['WINDOW', 'NOT_EARLY', 'OPTION_NOT_RESPONDING']",60,26.72499999999127,6.55000000000291,0.8031555221636647,7.223402516751111,5.837524767565912,0.5530543398265948,0.48773052888278184,165,False,True,-11,False,OPTION_LEAD,False,0.1123595505617978,165.0,0.2123,0.244,-0.7575757575757576,EVENT_INVALIDATED,5.0,0.0,5.060606060606057,-18.787878787878785,155.0,295.0,-0.1497005988023953,164.2
2026-09-17,SENSEX,14:57:45,32,-1,D_UNDERLYING_LEADS,PRE,PRE 14:55-15:00,True,False,"['WINDOW', 'NOT_EARLY', 'NO_DIRECTIONAL_AGREEMENT', 'OPTION_NOT_RESPONDING']",False,"['WINDOW', 'NOT_EARLY', 'NO_DIRECTIONAL_AGREEMENT', 'OPTION_NOT_RESPONDING']",55,21.77499999999418,6.725000000005821,0.764035087719094,3.015624999999993,5.32382830274534,0.36160943535798135,-0.19717882602759818,155,True,True,-8,True,OPTION_LEAD,False,0.28853754940711335,164.7,0.2432,0.2104,0.8803885853066286,TRAIL_STOP,25.0,3.642987249544627,5.251973284760174,-18.639951426836667,145.0,285.0,0.16763005780347007,165.0
2026-09-17,SENSEX,14:58:20,39,1,C_OPTION_LEADS,PRE,PRE 14:55-15:00,True,False,"['WINDOW', 'NOT_EARLY']",False,['WINDOW'],45,6.375,17.0,0.2727272727272727,1.9860184302510329,3.972581398971803,0.3333028710051945,-0.8879887832995688,190,True,False,6,False,UNDERLYING_LEAD,False,0.4559999999999945,159.25,0.2515,0.2793,1.0361067503924684,MOMENTUM_FADE,25.0,2.229199372056522,4.646781789638936,-8.791208791208792,195.0,220.0,0.22297297297297358,160.65
2026-09-17,SENSEX,14:59:45,56,1,C_OPTION_LEADS,PRE,PRE 14:55-15:00,True,False,"['WINDOW', 'NO_DIRECTIONAL_AGREEMENT']",False,"['WINDOW', 'NO_DIRECTIONAL_AGREEMENT']",15,7.5,19.92500000000291,0.27347310847763734,4.146019160885369,5.852498017446468,0.4146634032764741,-0.2854877081681133,105,True,True,0,False,SYNCHRONIZED,False,0.14652014652014617,157.4,0.2863,0.3266,-2.8907242693773894,FUTURES_DIVERGENCE,5.0,0.0,5.876747141041931,-13.850063532401533,110.0,295.0,-0.4918918918918931,157.8
2026-09-17,SENSEX,15:00:15,62,-1,D_UNDERLYING_LEADS,MODE_A,15:00-15:03,True,False,['EXTENDED'],False,['EXTENDED'],15,15.77499999999418,1.875,0.8937677053824012,5.6079097790823536,1.579871269748384,0.7802004180406431,0.2633118782913918,5,True,True,-1,True,SYNCHRONIZED,False,0.1910828025477706,171.75,0.4669,0.2143,-5.007278020378454,STOP_LOSS,15.0,0.0,-1.426491994177577,-27.976710334788933,5.0,295.0,,171.1
2026-09-17,SENSEX,15:00:50,69,1,C_OPTION_LEADS,MODE_A,15:00-15:03,True,True,[],True,[],30,9.625,20.30000000000291,0.3216374269005535,11.46953405017922,2.1895574950237258,0.8396996251340965,-1.0411881794518554,40,False,True,,False,FALSE_OPTION_MOVE,False,0.10119047619047714,161.8,0.2785,0.2453,0.6489493201483206,MOMENTUM_FADE,50.0,2.997527812113717,2.997527812113717,-17.92336217552534,45.0,240.0,0.21649484536082145,163.45
2026-09-17,SENSEX,15:00:55,70,1,B_ACCELERATION,MODE_A,15:00-15:03,True,False,['NOT_EARLY'],False,['NOT_EARLY'],35,22.0,7.92500000000291,0.7351712614869794,11.162314388120837,2.471979118685709,0.8186940073241314,-3.055427606325807,35,False,True,-6,False,OPTION_LEAD,False,0.32291666666666713,158.1,0.3168,0.1871,1.3282732447817802,MOMENTUM_FADE,10.0,2.7830487033523124,5.407969639468698,-16.002530044275765,40.0,235.0,0.2456140350877183,162.95
2026-09-17,SENSEX,15:00:55,70,1,E_BOTH_CONFIRM,MODE_A,15:00-15:03,True,False,['NOT_EARLY'],False,['NOT_EARLY'],35,22.0,7.92500000000291,0.7351712614869794,11.162314388120837,2.471979118685709,0.8186940073241314,-3.055427606325807,35,False,True,-6,False,OPTION_LEAD,False,0.32291666666666713,158.1,0.3168,0.1871,1.3282732447817802,MOMENTUM_FADE,10.0,2.7830487033523124,5.407969639468698,-16.002530044275765,40.0,235.0,0.2456140350877183,162.95
2026-09-17,SENSEX,15:01:50,81,-1,C_OPTION_LEADS,MODE_A,15:00-15:03,True,False,"['NO_DIRECTIONAL_AGREEMENT', 'OPTION_NOT_RESPONDING']",False,"['NO_DIRECTIONAL_AGREEMENT', 'OPTION_NOT_RESPONDING']",20,3.6000000000058208,14.92500000000291,0.19433198380589065,5.0828729281768,8.061689449702069,0.3866901599349419,5.555555555555544,20,True,True,-1,False,SYNCHRONIZED,False,0.0,150.75,0.2324,0.2005,-0.8291873963515755,FUTURES_DIVERGENCE,5.0,0.0,2.089552238805974,-17.94361525704809,180.0,200.0,-0.3968253968253961,142.8
2026-09-17,SENSEX,15:03:10,97,1,C_OPTION_LEADS,MODE_A,15:03-15:06,True,False,['NOT_EARLY'],True,[],60,17.35000000000582,8.89999999999418,0.6609523809526027,10.775047258979214,0.0,1.0,-1.8616196090598822,265,True,True,0,False,SYNCHRONIZED,False,0.1913875598086123,158.3,0.1897,0.2339,-5.59065066329755,STOP_LOSS,20.0,1.0423246999368145,1.0423246999368145,-16.108654453569173,5.0,100.0,-5.36363636363645,161.4
2026-09-17,SENSEX,15:04:10,109,-1,C_OPTION_LEADS,MODE_A,15:03-15:06,True,False,['NOT_EARLY'],True,[],45,5.400000000008731,7.42500000000291,0.42105263157924594,5.753118599888285,8.679577464788725,0.3986170410647412,-2.165492957746471,40,True,True,-7,True,OPTION_LEAD,False,0.4480712166172089,139.15,0.3239,0.2509,0.10779734099892611,EVENT_INVALIDATED,5.0,0.10779734099892611,10.743801652892554,-11.10312612288897,240.0,60.0,0.0100334448160539,142.2
2026-09-17,SENSEX,15:05:15,122,1,C_OPTION_LEADS,MODE_A,15:03-15:06,True,True,[],True,[],25,6.725000000005821,14.52499999999418,0.31647058823556806,10.808270676691729,6.4461407972858344,0.6264062204029587,-0.27141645462256536,140,False,True,,False,FALSE_OPTION_MOVE,False,0.029513888888889665,147.15,0.2381,0.2436,-2.48046211348964,MOMENTUM_FAILURE,30.0,0.0,6.455997281685355,-4.689092762487261,105.0,15.0,-0.38421052631579006,147.55
2026-09-17,SENSEX,15:06:15,134,-1,C_OPTION_LEADS,MODE_A,15:06-15:09,True,False,"['NOT_EARLY', 'NO_DIRECTIONAL_AGREEMENT']",False,['NO_DIRECTIONAL_AGREEMENT'],50,1.7750000000087311,1.125,0.6120689655184094,14.85148514851485,9.06052076002815,0.6210890548169732,-3.9408866995073852,230,False,True,,False,FALSE_OPTION_MOVE,False,0.30476190476190446,136.65,0.2198,0.2579,-0.8049762166117778,EVENT_INVALIDATED,15.0,1.5367727771679431,13.24551774606659,-1.2440541529454936,220.0,10.0,-0.06077348066298313,142.25
2026-09-17,SENSEX,15:07:25,148,-1,C_OPTION_LEADS,MODE_A,15:06-15:09,True,False,['NO_DIRECTIONAL_AGREEMENT'],False,['NO_DIRECTIONAL_AGREEMENT'],15,0.47500000000582077,28.97499999999127,0.01612903225826376,3.4406215316315247,17.68597997138769,0.1628573119599867,-0.4291845493562394,270,False,True,,False,FALSE_OPTION_MOVE,False,0.12903225806452087,139.4,0.2874,0.2132,0.8249641319942652,MOMENTUM_FADE,10.0,2.0803443328550975,17.89813486370157,0.6456241032998606,260.0,175.0,0.04609218436873772,139.95
2026-09-17,SENSEX,15:08:25,160,1,C_OPTION_LEADS,MODE_A,15:06-15:09,True,False,"['NO_DIRECTIONAL_AGREEMENT', 'OPTION_NOT_RESPONDING']",False,"['NO_DIRECTIONAL_AGREEMENT', 'OPTION_NOT_RESPONDING']",5,2.375,17.02499999999418,0.12242268041240786,2.1250221356472463,8.583318883301542,0.1984455044798204,3.0171666377665987,300,False,False,,False,FALSE_OPTION_MOVE,False,0.0,148.8,0.3703,0.2368,-0.7728494623655952,MOMENTUM_FADE,45.0,2.1841397849462365,5.9139784946236436,-16.263440860215063,295.0,200.0,-0.1306818181818191,144.4
2026-09-17,SENSEX,15:10:25,184,1,C_OPTION_LEADS,MODE_A,15:09-15:12,True,False,['EXPIRY_ZONE'],False,['EXPIRY_ZONE'],20,5.350000000005821,34.09999999999127,0.13561470215478366,5.6544502617801005,24.380574826560956,0.18826187909445213,3.303600925008259,255,True,True,-6,False,OPTION_LEAD,False,0.0,156.55,0.2558,0.2597,-1.724688597892058,EXPIRY_ZONE_EXIT,5.0,0.0,19.77004152028105,-20.4088150750559,245.0,80.0,-0.08723747980613952,151.5
2026-09-17,SENSEX,15:11:25,196,1,C_OPTION_LEADS,MODE_A,15:09-15:12,True,False,['EXPIRY_ZONE'],False,['EXPIRY_ZONE'],5,1.8500000000058208,55.75,0.03211805555565336,2.428256070640188,24.83421750663129,0.08906954329575609,0.1823607427055552,300,False,False,,False,FALSE_OPTION_MOVE,False,0.0,151.3,0.2979,0.1676,-1.5201586252478594,EXPIRY_ZONE_EXIT,5.0,0.0,23.925974884335748,-17.64705882352942,185.0,20.0,-0.06353591160221028,150.95
2026-09-17,SENSEX,15:11:55,202,-1,E_BOTH_CONFIRM,MODE_A,15:09-15:12,True,False,"['EXPIRY_ZONE', 'NOT_EARLY']",False,"['EXPIRY_ZONE', 'NOT_EARLY']",60,21.77499999999418,0.0,1.0,10.05016722408027,0.0,1.0,-3.3125664792584817,,True,True,-9,False,OPTION_LEAD,False,0.3627287853577381,159.25,0.22,0.2157,1.7582417582417655,EXPIRY_ZONE_EXIT,5.0,0.0,1.7582417582417655,-26.750392464678175,5.0,155.0,1.0,164.7
2026-09-17,SENSEX,15:12:25,208,1,C_OPTION_LEADS,MODE_A,15:12-15:15,True,False,"['EXPIRY_ZONE', 'OPTION_NOT_RESPONDING']",False,"['EXPIRY_ZONE', 'OPTION_NOT_RESPONDING']",30,13.25,65.02499999999418,0.16927499201534316,17.240688826591917,28.60802732707088,0.37603427692085073,-0.25619128949615716,245,False,True,,False,FALSE_OPTION_MOVE,False,0.01742160278745644,146.15,0.2055,0.2696,1.3684570646595962,EXPIRY_ZONE_EXIT,5.0,0.0,28.29284981183715,-4.036948340745813,125.0,25.0,0.04836759371221282,146.55
2026-09-17,SENSEX,15:13:25,220,1,B_ACCELERATION,MODE_A,15:12-15:15,True,False,['EXPIRY_ZONE'],False,"['EXPIRY_ZONE', 'NOT_EARLY']",25,25.54999999998836,40.57499999999709,0.3863894139885668,11.383849163998576,20.249121686362177,0.3598729065900793,0.6387735547748322,185,True,True,0,False,SYNCHRONIZED,False,0.011627906976743534,157.8,0.3174,0.2289,-3.200253485424595,EXPIRY_ZONE_EXIT,5.0,0.0,18.82129277566539,-6.590621039290244,65.0,150.0,-0.17003367003367048,156.8
2026-09-17,SENSEX,15:13:25,220,1,E_BOTH_CONFIRM,MODE_A,15:12-15:15,True,False,['EXPIRY_ZONE'],False,"['EXPIRY_ZONE', 'NOT_EARLY']",25,25.54999999998836,40.57499999999709,0.3863894139885668,11.383849163998576,20.249121686362177,0.3598729065900793,0.6387735547748322,185,True,True,0,False,SYNCHRONIZED,False,0.011627906976743534,157.8,0.3174,0.2289,-3.200253485424595,EXPIRY_ZONE_EXIT,5.0,0.0,18.82129277566539,-6.590621039290244,65.0,150.0,-0.17003367003367048,156.8
2026-09-17,SENSEX,15:13:30,221,1,A_EARLY_MOMENTUM,MODE_A,15:12-15:15,True,False,['EXPIRY_ZONE'],False,"['EXPIRY_ZONE', 'NOT_EARLY']",30,25.79999999998836,40.32499999999709,0.3901701323250516,12.23763785129846,19.334389857369256,0.3876101327485775,-3.0586370839936534,180,True,True,0,True,SYNCHRONIZED,False,0.280523255813953,153.1,0.2289,0.2862,2.5473546701502325,EXPIRY_ZONE_EXIT,5.0,0.0,22.4689745264533,-3.7230568256041727,60.0,145.0,0.11337209302325597,157.9
2026-09-17,SENSEX,15:13:30,221,-1,C_OPTION_LEADS,MODE_A,15:12-15:15,True,False,"['EXPIRY_ZONE', 'NO_DIRECTIONAL_AGREEMENT', 'OPTION_NOT_RESPONDING']",False,"['EXPIRY_ZONE', 'NO_DIRECTIONAL_AGREEMENT', 'OPTION_NOT_RESPONDING']",0,-0.0,9.72500000000582,-0.0,4.729355255865514,4.7627447521608754,0.4982411955064144,0.10583877227024567,35,False,False,,False,FALSE_OPTION_MOVE,False,0.0,142.05,0.2467,0.2842,-1.0559662090813093,EXPIRY_ZONE_EXIT,5.0,0.0,4.435058078141487,-17.881027807110176,160.0,60.0,-0.23809523809523878,141.95
2026-09-17,SENSEX,15:14:35,234,1,B_ACCELERATION,MODE_A,15:12-15:15,True,False,"['EXPIRY_ZONE', 'EXTENDED']",False,"['EXPIRY_ZONE', 'NOT_EARLY', 'EXTENDED']",30,22.375,27.67500000000291,0.44705294705292103,15.677619748242597,20.717919728660263,0.4307566249482809,-1.2719050310910118,115,False,True,-10,False,OPTION_LEAD,False,0.38499646142958244,174.8,0.1718,0.6412,6.721967963386727,EXPIRY_ZONE_EXIT,5.0,0.0,21.910755148741405,-15.67505720823799,285.0,80.0,0.3067885117493474,177.35
2026-09-17,SENSEX,15:14:35,234,1,E_BOTH_CONFIRM,MODE_A,15:12-15:15,True,False,"['EXPIRY_ZONE', 'EXTENDED']",False,"['EXPIRY_ZONE', 'NOT_EARLY', 'EXTENDED']",30,22.375,27.67500000000291,0.44705294705292103,15.677619748242597,20.717919728660263,0.4307566249482809,-1.2719050310910118,115,False,True,-10,False,OPTION_LEAD,False,0.38499646142958244,174.8,0.1718,0.6412,6.721967963386727,EXPIRY_ZONE_EXIT,5.0,0.0,21.910755148741405,-15.67505720823799,285.0,80.0,0.3067885117493474,177.35
2026-09-17,SENSEX,15:14:40,235,1,A_EARLY_MOMENTUM,MODE_A,15:12-15:15,True,False,"['EXPIRY_ZONE', 'NOT_EARLY']",False,"['EXPIRY_ZONE', 'NOT_EARLY']",35,25.875,24.17500000000291,0.5169830169829869,23.099558607160365,13.439575033200537,0.6321868174138846,-0.5843293492695854,110,True,True,-10,True,OPTION_LEAD,False,0.03113941967445137,187.75,0.6412,0.3151,-7.1904127829560585,EXPIRY_ZONE_EXIT,5.0,0.0,13.50199733688415,-21.491344873501994,280.0,75.0,-0.532544378698225,189.0
2026-09-17,SENSEX,15:14:40,235,1,C_OPTION_LEADS,MODE_A,15:12-15:15,True,False,"['EXPIRY_ZONE', 'NOT_EARLY']",False,"['EXPIRY_ZONE', 'NOT_EARLY']",35,25.875,24.17500000000291,0.5169830169829869,23.099558607160365,13.439575033200537,0.6321868174138846,-0.5843293492695854,110,True,True,-10,True,OPTION_LEAD,False,0.03113941967445137,187.75,0.6412,0.3151,-7.1904127829560585,EXPIRY_ZONE_EXIT,5.0,0.0,13.50199733688415,-21.491344873501994,280.0,75.0,-0.532544378698225,189.0
2026-09-17,SENSEX,15:14:40,235,1,D_UNDERLYING_LEADS,MODE_A,15:12-15:15,True,False,"['EXPIRY_ZONE', 'NOT_EARLY']",False,"['EXPIRY_ZONE', 'NOT_EARLY']",35,25.875,24.17500000000291,0.5169830169829869,23.099558607160365,13.439575033200537,0.6321868174138846,-0.5843293492695854,110,True,True,-10,True,OPTION_LEAD,False,0.03113941967445137,187.75,0.6412,0.3151,-7.1904127829560585,EXPIRY_ZONE_EXIT,5.0,0.0,13.50199733688415,-21.491344873501994,280.0,75.0,-0.532544378698225,189.0
2026-09-17,SENSEX,15:15:55,250,-1,C_OPTION_LEADS,MODE_B,MODE B 15:15-15:30,True,False,"['WINDOW', 'EXPIRY_ZONE', 'NO_DIRECTIONAL_AGREEMENT']",False,"['WINDOW', 'EXPIRY_ZONE', 'NO_DIRECTIONAL_AGREEMENT']",0,-0.0,2.0500000000029104,-0.0,17.441120305537872,7.299006323396563,0.704972960208695,7.064137308039752,20,False,True,,False,FALSE_OPTION_MOVE,False,0.0,148.45,0.405,0.2739,-1.751431458403499,EXPIRY_ZONE_EXIT,5.0,0.0,-0.0673627484001309,-33.44560458066689,15.0,300.0,,138.55
2026-09-17,SENSEX,15:16:00,251,1,B_ACCELERATION,MODE_B,MODE B 15:15-15:30,True,False,"['WINDOW', 'EXPIRY_ZONE', 'NOT_EARLY', 'NO_DIRECTIONAL_AGREEMENT', 'OPTION_NOT_RESPONDING', 'EXTENDED']",False,"['WINDOW', 'EXPIRY_ZONE', 'NOT_EARLY', 'NO_DIRECTIONAL_AGREEMENT', 'OPTION_NOT_RESPONDING', 'EXTENDED']",50,23.27500000000873,12.474999999991269,0.6510489510491952,0.0,35.243825205826475,0.0,-2.881570614312863,30,False,False,,False,LAGGING_OPTION,False,,153.55,0.2608,0.2622,-0.7815043959622384,EXPIRY_ZONE_EXIT,5.0,0.0,38.782155649625516,-43.0153044610876,200.0,235.0,-0.02015113350125974,158.2
2026-09-17,SENSEX,15:16:10,253,1,D_UNDERLYING_LEADS,MODE_B,MODE B 15:15-15:30,True,False,"['WINDOW', 'EXPIRY_ZONE', 'NOT_EARLY', 'NO_DIRECTIONAL_AGREEMENT', 'OPTION_NOT_RESPONDING', 'EXTENDED']",False,"['WINDOW', 'EXPIRY_ZONE', 'NO_DIRECTIONAL_AGREEMENT', 'OPTION_NOT_RESPONDING', 'EXTENDED']",60,9.150000000008731,26.59999999999127,0.2559440559443002,3.6323703328264916,39.25660254320184,0.08469240667819093,2.9344636452559505,20,True,False,2,False,SYNCHRONIZED,False,0.0,158.1,0.3168,0.2946,7.179000632511065,EXPIRY_ZONE_EXIT,5.0,0.0,34.78810879190386,-44.65528146742568,190.0,225.0,0.20636363636363625,153.55
2026-09-17,SENSEX,15:16:25,256,1,A_EARLY_MOMENTUM,MODE_B,MODE B 15:15-15:30,True,False,"['WINDOW', 'EXPIRY_ZONE', 'NOT_EARLY', 'EXTENDED']",False,"['WINDOW', 'EXPIRY_ZONE', 'NOT_EARLY', 'EXTENDED']",60,29.0,4.82499999999709,0.8573540280858092,14.68153404291265,25.839717147908086,0.3623168982066983,1.1343547436652985,5,True,True,2,True,SYNCHRONIZED,False,0.11506080449017733,171.95,0.3787,0.2952,-1.6283803431229908,EXPIRY_ZONE_EXIT,5.0,0.0,23.931375399825537,-49.11311427740622,175.0,210.0,-0.06804374240583189,169.95
2026-09-17,SENSEX,15:16:25,256,1,E_BOTH_CONFIRM,MODE_B,MODE B 15:15-15:30,True,False,"['WINDOW', 'EXPIRY_ZONE', 'NOT_EARLY', 'EXTENDED']",False,"['WINDOW', 'EXPIRY_ZONE', 'NOT_EARLY', 'EXTENDED']",60,29.0,4.82499999999709,0.8573540280858092,14.68153404291265,25.839717147908086,0.3623168982066983,1.1343547436652985,5,True,True,2,True,SYNCHRONIZED,False,0.11506080449017733,171.95,0.3787,0.2952,-1.6283803431229908,EXPIRY_ZONE_EXIT,5.0,0.0,23.931375399825537,-49.11311427740622,175.0,210.0,-0.06804374240583189,169.95
2026-09-17,SENSEX,15:16:25,256,1,G_CONTINUATION,MODE_B,MODE B 15:15-15:30,True,False,"['WINDOW', 'EXPIRY_ZONE', 'NOT_EARLY', 'EXTENDED']",False,"['WINDOW', 'EXPIRY_ZONE', 'NOT_EARLY', 'EXTENDED']",60,29.0,4.82499999999709,0.8573540280858092,14.68153404291265,25.839717147908086,0.3623168982066983,1.1343547436652985,5,True,True,2,True,SYNCHRONIZED,False,0.11506080449017733,171.95,0.3787,0.2952,-1.6283803431229908,EXPIRY_ZONE_EXIT,5.0,0.0,23.931375399825537,-49.11311427740622,175.0,210.0,-0.06804374240583189,169.95
2026-09-17,SENSEX,15:17:05,264,1,C_OPTION_LEADS,MODE_B,MODE B 15:15-15:30,True,False,"['WINDOW', 'EXPIRY_ZONE', 'NOT_EARLY', 'EXTENDED']",False,"['WINDOW', 'EXPIRY_ZONE', 'EXTENDED']",50,17.19999999999709,12.97500000000582,0.570008285003991,16.55685081939517,23.81504565879114,0.410108324446466,-1.5074648499782546,145,True,True,-3,True,OPTION_LEAD,False,0.18054256314312403,170.0,0.1472,0.2665,-0.8235294117647093,EXPIRY_ZONE_EXIT,5.0,0.0,25.352941176470583,-48.529411764705884,135.0,170.0,-0.03248259860788877,172.7
2026-09-17,SENSEX,15:18:15,278,-1,C_OPTION_LEADS,MODE_B,MODE B 15:15-15:30,True,False,"['WINDOW', 'EXPIRY_ZONE', 'NO_DIRECTIONAL_AGREEMENT', 'OPTION_NOT_RESPONDING']",False,"['WINDOW', 'EXPIRY_ZONE', 'NO_DIRECTIONAL_AGREEMENT', 'OPTION_NOT_RESPONDING']",5,0.10000000000582077,11.89999999999418,0.008333333333818397,3.0089878858929335,7.2837632776934695,0.29234048682125946,3.9453717754172897,290,False,False,,False,FALSE_OPTION_MOVE,False,0.0,137.1,0.146,0.2199,-0.5835156819839409,EXPIRY_ZONE_EXIT,5.0,0.0,3.026987600291762,-65.24434719183077,35.0,225.0,-0.19277108433734502,132.0
2026-09-17,SENSEX,15:19:30,293,1,B_ACCELERATION,MODE_B,MODE B 15:15-15:30,True,False,"['WINDOW', 'EXPIRY_ZONE', 'NOT_EARLY', 'EXTENDED']",False,"['WINDOW', 'EXPIRY_ZONE', 'NOT_EARLY', 'EXTENDED']",60,20.375,0.0,1.0,32.18817703497369,0.0,1.0,-16.459845469445096,,True,True,-2,False,SYNCHRONIZED,True,0.6759615384615386,178.75,0.3924,0.2539,-0.9790209790209791,EXPIRY_ZONE_EXIT,5.0,0.0,-0.9790209790209791,-66.93706293706295,5.0,225.0,,214.0
2026-09-17,SENSEX,15:19:30,293,1,E_BOTH_CONFIRM,MODE_B,MODE B 15:15-15:30,True,False,"['WINDOW', 'EXPIRY_ZONE', 'NOT_EARLY', 'EXTENDED']",False,"['WINDOW', 'EXPIRY_ZONE', 'NOT_EARLY', 'EXTENDED']",60,20.375,0.0,1.0,32.18817703497369,0.0,1.0,-16.459845469445096,,True,True,-2,False,SYNCHRONIZED,True,0.6759615384615386,178.75,0.3924,0.2539,-0.9790209790209791,EXPIRY_ZONE_EXIT,5.0,0.0,-0.9790209790209791,-66.93706293706295,5.0,225.0,,214.0
2026-09-17,SENSEX,15:20:00,299,-1,C_OPTION_LEADS,MODE_B,MODE B 15:15-15:30,True,False,"['WINDOW', 'EXPIRY_ZONE', 'NO_DIRECTIONAL_AGREEMENT', 'OPTION_NOT_RESPONDING']",False,"['WINDOW', 'EXPIRY_ZONE', 'NO_DIRECTIONAL_AGREEMENT', 'OPTION_NOT_RESPONDING']",30,14.150000000008731,22.14999999999418,0.38980716253464454,15.210664127588663,8.512396694214885,0.6411762901020236,1.2809917355371876,210,True,True,0,True,SYNCHRONIZED,False,0.33301617507136105,123.0,0.7344,0.3458,5.60975609756098,EXPIRY_ZONE_EXIT,5.0,0.0,5.60975609756098,-86.99186991869918,5.0,295.0,1.0,121.2
2026-09-17,SENSEX,15:20:40,307,-1,E_BOTH_CONFIRM,MODE_B,MODE B 15:15-15:30,True,False,"['WINDOW', 'EXPIRY_ZONE', 'NOT_EARLY']",False,"['WINDOW', 'EXPIRY_ZONE']",55,13.599999999991269,16.60000000000582,0.45033112582756885,20.655163790947746,2.3005181347150305,0.8997843696316763,-1.2849740932642464,170,True,True,9,True,UNDERLYING_LEAD,False,0.18463180362860196,119.25,0.2939,0.3326,0.6708595387840647,EXPIRY_ZONE_EXIT,5.0,0.0,0.6708595387840647,-86.58280922431865,5.0,255.0,1.0,120.8
2026-09-17,SENSEX,15:20:45,308,-1,D_UNDERLYING_LEADS,MODE_B,MODE B 15:15-15:30,True,False,"['WINDOW', 'EXPIRY_ZONE', 'NOT_EARLY', 'NO_DIRECTIONAL_AGREEMENT']",False,"['WINDOW', 'EXPIRY_ZONE', 'NO_DIRECTIONAL_AGREEMENT']",60,10.82499999999709,19.375,0.3584437086092097,23.430857714428623,0.0,1.0,-2.552674230145872,165,True,True,9,True,UNDERLYING_LEAD,False,0.13447171824973336,120.45,0.3326,0.4541,-8.800332088003328,EXPIRY_ZONE_EXIT,5.0,0.0,-8.800332088003328,-86.7164798671648,5.0,250.0,,123.6
2026-09-17,SENSEX,15:21:00,311,1,C_OPTION_LEADS,MODE_B,MODE B 15:15-15:30,True,False,"['WINDOW', 'EXPIRY_ZONE', 'NOT_EARLY']",False,"['WINDOW', 'EXPIRY_ZONE']",55,10.69999999999709,11.55000000000291,0.4808988764043636,17.46936449130807,52.25618631732169,0.25054466101321826,6.016496846191172,70,True,True,-1,False,SYNCHRONIZED,False,0.43835616438356156,109.4,0.2746,0.4384,4.021937842778786,EXPIRY_ZONE_EXIT,5.0,0.0,43.05301645338208,-57.81535648994516,215.0,300.0,0.0934182590233544,103.25
2026-09-17,SENSEX,15:22:05,324,1,C_OPTION_LEADS,MODE_B,MODE B 15:15-15:30,True,False,"['WINDOW', 'EXPIRY_ZONE', 'NOT_EARLY', 'NO_DIRECTIONAL_AGREEMENT', 'OPTION_NOT_RESPONDING']",False,"['WINDOW', 'EXPIRY_ZONE', 'NO_DIRECTIONAL_AGREEMENT', 'OPTION_NOT_RESPONDING']",60,4.07499999999709,12.92500000000291,0.23970588235277,4.408766564729871,53.18525750549183,0.07654902806156534,-2.2211374176226424,5,True,False,9,False,UNDERLYING_LEAD,True,0.5260115606936393,100.35,0.3994,0.3497,-0.4484304932735313,EXPIRY_ZONE_EXIT,5.0,0.0,55.95416043846539,-67.71300448430493,150.0,265.0,-0.008014247551201933,102.6
2026-09-17,SENSEX,15:22:10,325,1,B_ACCELERATION,MODE_B,MODE B 15:15-15:30,True,False,"['WINDOW', 'EXPIRY_ZONE', 'NOT_EARLY', 'OPTION_NOT_RESPONDING']",False,"['WINDOW', 'EXPIRY_ZONE', 'OPTION_NOT_RESPONDING']",60,16.75,0.0,1.0,0.0,63.26742976066598,0.0,4.136316337148813,,True,False,,False,LAGGING_OPTION,False,0.01851851851851917,100.25,0.3497,0.3046,-1.8952618453865395,EXPIRY_ZONE_EXIT,5.0,0.0,56.10972568578554,-67.68079800498754,145.0,260.0,-0.03377777777777788,96.3
2026-09-17,SENSEX,15:22:15,326,1,D_UNDERLYING_LEADS,MODE_B,MODE B 15:15-15:30,True,False,"['WINDOW', 'EXPIRY_ZONE', 'NOT_EARLY', 'OPTION_NOT_RESPONDING']",False,"['WINDOW', 'EXPIRY_ZONE', 'OPTION_NOT_RESPONDING']",60,15.47500000000582,0.0,1.0,4.214360041623321,56.66500249625561,0.06922477282841391,-1.6475287069395963,,True,False,11,False,UNDERLYING_LEAD,False,0.40740740740740766,98.65,0.3046,0.405,-12.56969082615307,EXPIRY_ZONE_EXIT,5.0,0.0,58.64166244298023,-67.15661429295488,140.0,255.0,-0.21434745030250657,100.35
2026-09-17,SENSEX,15:22:30,329,-1,E_BOTH_CONFIRM,MODE_B,MODE B 15:15-15:30,True,False,"['WINDOW', 'EXPIRY_ZONE']",False,"['WINDOW', 'EXPIRY_ZONE']",20,17.30000000000291,18.19999999999709,0.48732394366205384,21.30548302872063,61.730520878174765,0.2565812662734773,18.68273783900128,60,False,True,-3,False,OPTION_LEAD,False,0.0,69.15,0.6529,0.4625,9.18293564714388,EXPIRY_ZONE_EXIT,5.0,0.0,35.3579175704989,-94.36008676789587,45.0,255.0,0.2597137014314927,58.2
2026-09-17,SENSEX,15:22:40,331,-1,A_EARLY_MOMENTUM,MODE_B,MODE B 15:15-15:30,True,False,"['WINDOW', 'EXPIRY_ZONE']",False,"['WINDOW', 'EXPIRY_ZONE', 'NOT_EARLY']",30,21.89999999999418,13.60000000000582,0.6169014084505403,43.9686684073107,36.27130939426914,0.5479646133008402,15.923104824084163,50,True,True,-3,True,OPTION_LEAD,False,0.0,79.95,0.1252,0.1851,1.2507817385866167,EXPIRY_ZONE_EXIT,5.0,0.0,17.073170731707304,-95.1219512195122,35.0,245.0,0.07326007326007332,69.15
2026-09-17,SENSEX,15:23:05,336,-1,C_OPTION_LEADS,MODE_B,MODE B 15:15-15:30,True,False,"['WINDOW', 'EXPIRY_ZONE', 'NOT_EARLY', 'NO_DIRECTIONAL_AGREEMENT', 'OPTION_NOT_RESPONDING']",False,"['WINDOW', 'EXPIRY_ZONE', 'NOT_EARLY', 'NO_DIRECTIONAL_AGREEMENT', 'OPTION_NOT_RESPONDING']",55,24.75,10.75,0.6971830985915493,31.018276762402092,49.74093264248704,0.3840834623193359,13.989637305699478,25,True,True,-3,True,OPTION_LEAD,False,0.2873303167420816,71.6,0.2797,0.7828,6.634078212290503,EXPIRY_ZONE_EXIT,5.0,0.0,30.726256983240223,-94.55307262569832,10.0,220.0,0.2159090909090909,62.8
2026-09-17,SENSEX,15:23:30,341,-1,E_BOTH_CONFIRM,MODE_B,MODE B 15:15-15:30,True,False,"['WINDOW', 'EXPIRY_ZONE', 'NOT_EARLY']",False,"['WINDOW', 'EXPIRY_ZONE', 'NOT_EARLY']",60,18.19999999999709,0.0,1.0,45.63065002152389,2.6603606266627255,0.9449098167349574,2.6603606266627255,,False,True,-11,False,OPTION_LEAD,False,0.19804741980474186,87.2,0.8638,0.545,-5.561926605504597,EXPIRY_ZONE_EXIT,5.0,0.0,-1.8922018348623917,-95.52752293577981,285.0,195.0,,84.8
2026-09-17,SENSEX,15:23:40,343,-1,D_UNDERLYING_LEADS,MODE_B,MODE B 15:15-15:30,True,False,"['WINDOW', 'EXPIRY_ZONE', 'NO_DIRECTIONAL_AGREEMENT']",False,"['WINDOW', 'EXPIRY_ZONE', 'NO_DIRECTIONAL_AGREEMENT']",30,11.85000000000582,6.125,0.6592489568846722,38.42168194499801,0.0,1.0,-3.340051828390447,300,True,True,-3,True,OPTION_LEAD,False,0.32051282051282054,84.05,0.2979,0.1865,-4.402141582391438,EXPIRY_ZONE_EXIT,5.0,0.0,1.784651992861392,-95.35990481856037,275.0,185.0,-2.466666666666669,87.2
2026-09-17,SENSEX,15:24:05,348,1,C_OPTION_LEADS,MODE_B,MODE B 15:15-15:30,True,False,"['WINDOW', 'EXPIRY_ZONE', 'NOT_EARLY']",False,"['WINDOW', 'EXPIRY_ZONE']",35,13.14999999999418,21.60000000000582,0.3784172661868829,46.54300168634066,80.55235903337169,0.3662053549616457,-7.36478711162256,85,True,True,-6,False,OPTION_LEAD,False,0.23188405797101463,80.65,0.3727,0.4051,22.194668319900792,EXPIRY_ZONE_EXIT,5.0,0.0,94.04835709857407,-99.81401115933043,30.0,300.0,0.23599208965062612,87.05
2026-09-17,SENSEX,15:25:05,360,1,C_OPTION_LEADS,MODE_B,MODE B 15:15-15:30,True,False,"['WINDOW', 'EXPIRY_ZONE', 'NOT_EARLY', 'NO_DIRECTIONAL_AGREEMENT']",False,"['WINDOW', 'EXPIRY_ZONE', 'NO_DIRECTIONAL_AGREEMENT']",50,14.75,8.42500000000291,0.6364617044227896,88.04347826086956,0.0,1.0,-4.739884393063591,25,True,True,0,False,SYNCHRONIZED,False,0.1662303664921468,144.95,1.0402,0.1564,-11.831666091755773,EXPIRY_ZONE_EXIT,5.0,0.0,-10.589858571921349,-99.93101069334254,100.0,245.0,,151.55
2026-09-17,SENSEX,15:26:05,372,-1,C_OPTION_LEADS,MODE_B,MODE B 15:15-15:30,True,False,"['WINDOW', 'EXPIRY_ZONE', 'NOT_EARLY', 'NO_DIRECTIONAL_AGREEMENT', 'OPTION_NOT_RESPONDING']",False,"['WINDOW', 'EXPIRY_ZONE', 'NO_DIRECTIONAL_AGREEMENT', 'OPTION_NOT_RESPONDING']",35,8.22500000000582,28.5,0.22396187882925847,153.19812792511703,111.02895871842267,0.579797211070157,13.9864448552064,170,True,True,-5,False,OPTION_LEAD,False,0.03357314148681046,46.55,1.2973,0.404,-20.408163265306122,EXPIRY_ZONE_EXIT,5.0,0.0,83.78088077336197,-91.6219119226638,130.0,40.0,-0.24358974358974358,40.65
2026-09-17,SENSEX,15:27:05,384,1,C_OPTION_LEADS,MODE_B,MODE B 15:15-15:30,True,False,"['WINDOW', 'EXPIRY_ZONE', 'NO_DIRECTIONAL_AGREEMENT', 'OPTION_NOT_RESPONDING']",False,"['WINDOW', 'EXPIRY_ZONE', 'NO_DIRECTIONAL_AGREEMENT', 'OPTION_NOT_RESPONDING']",25,4.224999999991269,1.0749999999970896,0.7971698113208583,285.1766513056836,0.0,1.0,-54.77567298105682,20,False,True,,False,FALSE_OPTION_MOVE,True,0.7529411764705882,56.95,0.8818,1.0548,7.638279192273914,EXPIRY_ZONE_EXIT,5.0,0.0,31.782265144863903,-99.82440737489026,15.0,125.0,0.24033149171270696,125.55
2026-09-17,SENSEX,15:27:45,392,-1,B_ACCELERATION,MODE_B,MODE B 15:15-15:30,True,False,"['WINDOW', 'EXPIRY_ZONE', 'NO_DIRECTIONAL_AGREEMENT', 'OPTION_NOT_RESPONDING']",False,"['WINDOW', 'EXPIRY_ZONE', 'NO_DIRECTIONAL_AGREEMENT', 'OPTION_NOT_RESPONDING']",20,13.724999999991269,14.025000000008731,0.49459459459427996,231.2101910828025,558.6538461538462,0.29272150671866876,67.5,70,False,True,-9,False,OPTION_LEAD,False,0.0,21.95,1.6073,0.6179,10.250569476082006,EXPIRY_ZONE_EXIT,5.0,0.0,289.74943052391797,10.250569476082006,30.0,5.0,0.03537735849056605,13.05
2026-09-17,SENSEX,15:27:50,393,-1,D_UNDERLYING_LEADS,MODE_B,MODE B 15:15-15:30,True,False,"['WINDOW', 'EXPIRY_ZONE']",False,"['WINDOW', 'EXPIRY_ZONE']",25,12.875,14.875,0.46396396396396394,439.49044585987264,304.36835891381344,0.5908250907826312,14.639905548996449,65,True,True,-9,True,OPTION_LEAD,False,0.0,24.35,0.6179,0.3831,6.981519507186855,EXPIRY_ZONE_EXIT,5.0,0.0,251.33470225872685,6.981519507186855,25.0,5.0,0.02777777777777777,21.25
2026-09-17,SENSEX,15:27:50,393,-1,E_BOTH_CONFIRM,MODE_B,MODE B 15:15-15:30,True,False,"['WINDOW', 'EXPIRY_ZONE']",False,"['WINDOW', 'EXPIRY_ZONE']",25,12.875,14.875,0.46396396396396394,439.49044585987264,304.36835891381344,0.5908250907826312,14.639905548996449,65,True,True,-9,True,OPTION_LEAD,False,0.0,24.35,0.6179,0.3831,6.981519507186855,EXPIRY_ZONE_EXIT,5.0,0.0,251.33470225872685,6.981519507186855,25.0,5.0,0.02777777777777777,21.25
2026-09-17,SENSEX,15:28:05,396,-1,C_OPTION_LEADS,MODE_B,MODE B 15:15-15:30,True,False,"['WINDOW', 'EXPIRY_ZONE', 'NOT_EARLY']",False,"['WINDOW', 'EXPIRY_ZONE']",40,16.42499999998836,11.325000000011642,0.5918918918914724,303.0888030888031,228.06513409961684,0.5706232823824222,111.49425287356323,50,True,True,-7,True,OPTION_LEAD,False,0.04880429477794046,55.7,1.8116,0.2932,52.872531418312384,EXPIRY_ZONE_EXIT,5.0,0.0,53.59066427289048,52.60323159784559,10.0,20.0,0.9865996649916249,26.15
2026-09-17,SENSEX,15:28:40,403,-1,G_CONTINUATION,MODE_B,MODE B 15:15-15:30,True,False,"['WINDOW', 'EXPIRY_ZONE', 'NOT_EARLY', 'OPTION_NOT_RESPONDING']",False,"['WINDOW', 'EXPIRY_ZONE', 'NOT_EARLY', 'OPTION_NOT_RESPONDING']",60,26.22500000000582,0.25,0.9905571293673298,555.1923076923076,0.20545934840034888,0.9996300681050716,0.08805400645729715,15,True,True,1,True,SYNCHRONIZED,False,0.0051635111876075735,85.4,0.3519,0.1761,-0.35128805620610226,EXPIRY_ZONE_EXIT,5.0,0.0,-0.17564402810305113,-0.35128805620610226,15.0,5.0,,85.25
2026-09-17,SENSEX,15:29:15,410,-1,C_OPTION_LEADS,MODE_B,MODE B 15:15-15:30,True,False,"['WINDOW', 'EXPIRY_ZONE', 'NOT_EARLY', 'NO_DIRECTIONAL_AGREEMENT', 'OPTION_NOT_RESPONDING']",False,"['WINDOW', 'EXPIRY_ZONE', 'NO_DIRECTIONAL_AGREEMENT', 'OPTION_NOT_RESPONDING']",55,7.975000000005821,1.4749999999912689,0.8439153439162198,54.574275362318836,0.029299736302363284,0.99946340992784,-0.02929973630237994,20,True,True,-3,False,OPTION_LEAD,False,0.010682004930156216,85.4,0.2345,0.2345,-0.23419203747072928,EXPIRY_ZONE_EXIT,5.0,0.0,-0.17564402810305113,-0.2927400468384075,10.0,30.0,,85.45
2026-09-18,NIFTY,14:56:20,15,-1,A_EARLY_MOMENTUM,PRE,PRE 14:55-15:00,False,False,"['WINDOW', 'NOT_EARLY', 'OPTION_NOT_RESPONDING']",False,"['WINDOW', 'NOT_EARLY', 'OPTION_NOT_RESPONDING']",55,9.100000000002183,11.5,0.4417475728155931,1.6526824307144674,6.228114057028508,0.2097100760417921,-0.8254127063531794,295,True,True,-1,False,SYNCHRONIZED,True,0.5076923076923094,99.25,0.2522,0.2,0.6549118387909377,MOMENTUM_FADE,120.0,2.5692695214105767,6.851385390428209,-4.030226700251889,285.0,140.0,0.09558823529411851,100.05
2026-09-18,NIFTY,14:56:20,15,-1,B_ACCELERATION,PRE,PRE 14:55-15:00,False,False,"['WINDOW', 'NOT_EARLY', 'OPTION_NOT_RESPONDING']",False,"['WINDOW', 'NOT_EARLY', 'OPTION_NOT_RESPONDING']",55,9.100000000002183,11.5,0.4417475728155931,1.6526824307144674,6.228114057028508,0.2097100760417921,-0.8254127063531794,295,True,True,-1,False,SYNCHRONIZED,True,0.5076923076923094,99.25,0.2522,0.2,0.6549118387909377,MOMENTUM_FADE,120.0,2.5692695214105767,6.851385390428209,-4.030226700251889,285.0,140.0,0.09558823529411851,100.05
2026-09-18,NIFTY,14:56:40,19,1,C_OPTION_LEADS,PRE,PRE 14:55-15:00,False,False,"['WINDOW', 'NO_DIRECTIONAL_AGREEMENT', 'OPTION_NOT_RESPONDING']",False,"['WINDOW', 'NO_DIRECTIONAL_AGREEMENT', 'OPTION_NOT_RESPONDING']",20,1.6500000000014552,9.299999999999272,0.1506849315069722,1.784615384615388,3.0532043530834234,0.3688883590905083,-1.2091898428053205,145,True,True,0,False,SYNCHRONIZED,True,0.6896551724137917,81.8,0.2448,0.2536,-3.7286063569682115,UNDERLYING_INVALIDATION,25.0,0.0,4.034229828850852,-9.902200488997547,120.0,265.0,-0.9242424242424242,82.75
2026-09-18,NIFTY,14:57:20,27,-1,A_EARLY_MOMENTUM,PRE,PRE 14:55-15:00,False,False,"['WINDOW', 'OPTION_NOT_RESPONDING']",False,"['WINDOW', 'NOT_EARLY', 'OPTION_NOT_RESPONDING']",20,7.299999999999272,7.599999999998545,0.4899328859060632,3.37306619325387,4.195289499509315,0.4456801886939821,-0.4416094210009841,245,True,True,-2,True,SYNCHRONIZED,False,0.1353383458646624,101.55,0.1971,0.1973,-0.2954209748892143,EVENT_INVALIDATED,30.0,0.0,4.431314623338258,-6.203840472673558,225.0,80.0,-0.06666666666666601,102.0
2026-09-18,NIFTY,14:58:00,35,1,B_ACCELERATION,PRE,PRE 14:55-15:00,False,False,"['WINDOW', 'NOT_EARLY', 'OPTION_NOT_RESPONDING']",False,"['WINDOW', 'OPTION_NOT_RESPONDING']",35,4.400000000001455,11.149999999997817,0.28295819935702,1.299936588459107,6.697965571205,0.1625346950372923,-0.970266040688583,65,True,True,-2,False,SYNCHRONIZED,True,0.8113207547169815,79.2,0.2528,0.2933,7.449494949494937,TARGET,40.0,7.449494949494937,7.449494949494937,-6.944444444444445,40.0,185.0,1.0,79.95
2026-09-18,NIFTY,14:58:10,37,-1,C_OPTION_LEADS,PRE,PRE 14:55-15:00,False,False,"['WINDOW', 'NOT_EARLY', 'OPTION_NOT_RESPONDING']",False,"['WINDOW', 'OPTION_NOT_RESPONDING']",60,1.7999999999992724,11.549999999999272,0.1348314606741175,1.2167866898435644,4.195289499509315,0.22482807840682956,-0.9568204121688012,195,True,False,11,False,UNDERLYING_LEAD,True,0.7959183673469402,101.05,0.2477,0.2472,-0.04948045522018521,EVENT_INVALIDATED,5.0,0.0,4.948045522018803,-5.739732805541808,175.0,30.0,-0.00999999999999943,102.0
2026-09-18,NIFTY,14:58:50,45,1,E_BOTH_CONFIRM,PRE,PRE 14:55-15:00,False,False,"['WINDOW', 'NOT_EARLY']",False,"['WINDOW', 'NOT_EARLY']",60,9.599999999998545,5.950000000000728,0.6173633440513823,7.743362831858408,0.0,1.0,-0.5280140803754634,15,True,True,4,True,UNDERLYING_LEAD,False,0.07346938775510019,84.9,0.2949,0.2356,-0.11778563015313134,FUTURES_DIVERGENCE,5.0,0.0,-0.11778563015313134,-13.19199057714959,5.0,135.0,,85.35
2026-09-18,NIFTY,14:58:50,45,1,G_CONTINUATION,PRE,PRE 14:55-15:00,False,False,"['WINDOW', 'NOT_EARLY']",False,"['WINDOW', 'NOT_EARLY']",60,9.599999999998545,5.950000000000728,0.6173633440513823,7.743362831858408,0.0,1.0,-0.5280140803754634,15,True,True,4,True,UNDERLYING_LEAD,False,0.07346938775510019,84.9,0.2949,0.2356,-0.11778563015313134,FUTURES_DIVERGENCE,5.0,0.0,-0.11778563015313134,-13.19199057714959,5.0,135.0,,85.35
2026-09-18,NIFTY,14:58:55,46,1,A_EARLY_MOMENTUM,PRE,PRE 14:55-15:00,False,False,"['WINDOW', 'NOT_EARLY']",False,"['WINDOW', 'NOT_EARLY']",60,9.650000000001455,5.899999999997817,0.6205787781351708,7.079646017699126,0.2361275088547849,0.9677235075692655,0.2361275088547849,10,True,True,4,True,UNDERLYING_LEAD,False,0.053061224489794064,85.0,0.2356,0.24,-2.0588235294117645,MOMENTUM_FAILURE,30.0,0.0,-0.9999999999999932,-13.29411764705882,5.0,130.0,,84.8
2026-09-18,NIFTY,14:59:00,47,1,B_ACCELERATION,PRE,PRE 14:55-15:00,False,False,"['WINDOW', 'NOT_EARLY', 'NO_DIRECTIONAL_AGREEMENT', 'OPTION_NOT_RESPONDING']",False,"['WINDOW', 'NOT_EARLY', 'NO_DIRECTIONAL_AGREEMENT', 'OPTION_NOT_RESPONDING']",40,10.5,1.5499999999992724,0.8713692946058618,7.174462705436172,0.14744913005013272,0.9798619358764323,-0.619286346210564,5,True,True,-1,True,SYNCHRONIZED,False,0.15918367346938683,84.35,0.2374,0.2982,-0.7705986959098892,MOMENTUM_FAILURE,30.0,0.0,-0.533491404860686,-12.625963248369878,5.0,125.0,,84.9
2026-09-18,NIFTY,14:59:15,50,-1,F_REVERSAL,PRE,PRE 14:55-15:00,False,False,"['WINDOW', 'OPTION_NOT_RESPONDING']",False,"['WINDOW', 'OPTION_NOT_RESPONDING']",10,4.0,19.099999999998545,0.17316017316018406,1.415836392239128,9.798345398138567,0.1262540967058322,0.3877973112719752,130,False,True,-4,False,OPTION_LEAD,False,0.1265822784810121,97.2,0.2575,0.2575,-0.257201646090535,EVENT_INVALIDATED,5.0,0.0,9.104938271604931,-0.6172839506172927,110.0,20.0,-0.02824858757062149,96.8
2026-09-18,NIFTY,14:59:20,51,-1,D_UNDERLYING_LEADS,PRE,PRE 14:55-15:00,False,False,"['WINDOW', 'OPTION_NOT_RESPONDING']",False,"['WINDOW', 'OPTION_NOT_RESPONDING']",15,2.4500000000007276,20.649999999997817,0.10606060606064424,2.0713162034609423,9.093244284613403,0.1855259959112104,-0.25687130747495507,125,True,True,-4,True,OPTION_LEAD,False,0.1265822784810121,97.2,0.2575,0.2569,0.0,MOMENTUM_FAILURE,30.0,0.0,9.104938271604931,-0.6172839506172927,105.0,15.0,0.0,97.4
2026-09-18,NIFTY,15:00:05,60,-1,A_EARLY_MOMENTUM,MODE_A,15:00-15:03,False,False,['NOT_EARLY'],False,['NOT_EARLY'],60,9.0,15.450000000000728,0.3680981595091915,3.689269940244231,6.414432473064386,0.3651403999572194,1.6286644951140066,300,True,True,1,False,SYNCHRONIZED,False,0.0,101.5,0.1972,0.1458,1.2807881773398988,TRAIL_STOP,75.0,4.482758620689652,4.482758620689652,0.1477832512315327,60.0,20.0,0.2857142857142853,99.9
2026-09-18,NIFTY,15:00:05,60,-1,B_ACCELERATION,MODE_A,15:00-15:03,False,False,['NOT_EARLY'],False,['NOT_EARLY'],60,9.0,15.450000000000728,0.3680981595091915,3.689269940244231,6.414432473064386,0.3651403999572194,1.6286644951140066,300,True,True,1,False,SYNCHRONIZED,False,0.0,101.5,0.1972,0.1458,1.2807881773398988,TRAIL_STOP,75.0,4.482758620689652,4.482758620689652,0.1477832512315327,60.0,20.0,0.2857142857142853,99.9
2026-09-18,NIFTY,15:00:05,60,-1,E_BOTH_CONFIRM,MODE_A,15:00-15:03,False,False,['NOT_EARLY'],False,['NOT_EARLY'],60,9.0,15.450000000000728,0.3680981595091915,3.689269940244231,6.414432473064386,0.3651403999572194,1.6286644951140066,300,True,True,1,False,SYNCHRONIZED,False,0.0,101.5,0.1972,0.1458,1.2807881773398988,TRAIL_STOP,75.0,4.482758620689652,4.482758620689652,0.1477832512315327,60.0,20.0,0.2857142857142853,99.9
2026-09-18,NIFTY,15:00:05,60,-1,G_CONTINUATION,MODE_A,15:00-15:03,False,False,['NOT_EARLY'],False,['NOT_EARLY'],60,9.0,15.450000000000728,0.3680981595091915,3.689269940244231,6.414432473064386,0.3651403999572194,1.6286644951140066,300,True,True,1,False,SYNCHRONIZED,False,0.0,101.5,0.1972,0.1458,1.2807881773398988,TRAIL_STOP,75.0,4.482758620689652,4.482758620689652,0.1477832512315327,60.0,20.0,0.2857142857142853,99.9
2026-09-18,NIFTY,15:00:20,63,-1,C_OPTION_LEADS,MODE_A,15:00-15:03,False,False,['NOT_EARLY'],False,['NOT_EARLY'],55,12.5,11.94999999999709,0.511247443762842,6.075491209927611,3.509627102120394,0.633846240822195,0.6093102607847916,300,True,True,7,True,UNDERLYING_LEAD,False,0.0,103.3,0.1938,0.1458,-0.48402710551790895,FUTURES_DIVERGENCE,60.0,2.6621490803484993,2.6621490803484993,-1.5972894482090914,45.0,5.0,-0.18181818181818182,102.65
2026-09-18,NIFTY,15:00:20,63,-1,D_UNDERLYING_LEADS,MODE_A,15:00-15:03,False,False,['NOT_EARLY'],False,['NOT_EARLY'],55,12.5,11.94999999999709,0.511247443762842,6.075491209927611,3.509627102120394,0.633846240822195,0.6093102607847916,300,True,True,7,True,UNDERLYING_LEAD,False,0.0,103.3,0.1938,0.1458,-0.48402710551790895,FUTURES_DIVERGENCE,60.0,2.6621490803484993,2.6621490803484993,-1.5972894482090914,45.0,5.0,-0.18181818181818182,102.65
2026-09-18,NIFTY,15:01:05,72,-1,G_CONTINUATION,MODE_A,15:00-15:03,False,False,"['NOT_EARLY', 'NO_DIRECTIONAL_AGREEMENT', 'OPTION_NOT_RESPONDING', 'EXTENDED']",False,"['NOT_EARLY', 'NO_DIRECTIONAL_AGREEMENT', 'OPTION_NOT_RESPONDING', 'EXTENDED']",60,12.25,4.349999999998545,0.7379518072289803,4.209471310448498,2.1399374849723576,0.6629705923934739,2.1158932435681685,285,True,True,1,True,SYNCHRONIZED,False,0.0,106.3,0.2355,0.1447,-2.5399811853245557,MOMENTUM_FAILURE,30.0,0.0,-0.2351834430856068,-4.233301975540922,265.0,125.0,,104.1
2026-09-18,NIFTY,15:01:30,77,1,C_OPTION_LEADS,MODE_A,15:00-15:03,False,False,['NO_DIRECTIONAL_AGREEMENT'],False,['NO_DIRECTIONAL_AGREEMENT'],5,0.5499999999992724,6.5,0.07801418439706796,4.40379403794038,0.6489292667099287,0.8715684141831629,-1.3303049967553426,120,False,True,,False,FALSE_OPTION_MOVE,False,0.31538461538461277,76.15,0.3288,0.1969,-0.06565988181222766,FUTURES_DIVERGENCE,120.0,1.7071569271175275,1.7071569271175275,-3.2829940906106367,110.0,240.0,-0.03846153846154729,77.15
2026-09-18,NIFTY,15:03:30,101,1,A_EARLY_MOMENTUM,MODE_A,15:03-15:06,False,False,"['NOT_EARLY', 'OPTION_NOT_RESPONDING']",False,"['NOT_EARLY', 'OPTION_NOT_RESPONDING']",45,5.900000000001455,0.0,1.0,2.7833001988071495,0.0,1.0,-1.773049645390071,,True,True,-5,False,OPTION_LEAD,True,0.6547619047619065,76.25,0.1969,0.1312,-0.1311475409835991,EVENT_INVALIDATED,10.0,0.0,0.7213114754098323,-9.442622950819676,40.0,300.0,-0.18181818181817241,77.65
2026-09-18,NIFTY,15:03:40,103,-1,C_OPTION_LEADS,MODE_A,15:03-15:06,False,True,[],True,[],10,0.049999999999272404,16.549999999999272,0.0030120481927275173,1.8650306748466314,7.395808238978556,0.2013889553852828,0.0722717417489652,300,False,True,,False,FALSE_OPTION_MOVE,False,0.0,103.95,0.1926,0.1944,-1.106301106301112,MOMENTUM_FAILURE,30.0,0.0,7.455507455507456,-2.5493025493025545,300.0,150.0,-0.1483870967741943,103.9
2026-09-18,NIFTY,15:04:45,116,-1,D_UNDERLYING_LEADS,MODE_A,15:03-15:06,False,False,"['OPTION_NOT_RESPONDING', 'EXTENDED']",False,"['OPTION_NOT_RESPONDING', 'EXTENDED']",20,4.75,11.650000000001455,0.2896341463414377,2.4330900243309004,7.553444180522568,0.24363707913286028,0.6175771971496491,280,True,True,-2,False,SYNCHRONIZED,False,0.0,106.0,0.1889,0.1901,-0.8490566037735903,FUTURES_DIVERGENCE,10.0,0.0,6.6981132075471645,-4.433962264150946,255.0,85.0,-0.1267605633802826,105.3
2026-09-18,NIFTY,15:04:55,118,-1,C_OPTION_LEADS,MODE_A,15:03-15:06,False,False,"['NO_DIRECTIONAL_AGREEMENT', 'OPTION_NOT_RESPONDING', 'EXTENDED']",False,"['NO_DIRECTIONAL_AGREEMENT', 'OPTION_NOT_RESPONDING', 'EXTENDED']",30,3.7000000000007276,12.700000000000728,0.22560975609758532,3.06569343065694,6.8932955618508,0.3078317922595653,-0.6610009442870659,270,True,True,-2,False,SYNCHRONIZED,False,0.22222222222222274,105.3,0.1901,0.1935,-1.9468186134852776,EVENT_INVALIDATED,60.0,0.7122507122507122,7.407407407407404,-3.798670465337132,245.0,75.0,-0.2628205128205126,106.0
2026-09-18,NIFTY,15:06:05,132,1,A_EARLY_MOMENTUM,MODE_A,15:06-15:09,False,True,[],False,['NOT_EARLY'],15,5.700000000000728,0.5499999999992724,0.9120000000001164,2.8842891075670174,1.3852242744063288,0.6755545303464805,0.6926121372031737,10,False,True,-2,False,SYNCHRONIZED,False,0.0,76.4,0.1965,0.2714,-3.6649214659686007,EVENT_INVALIDATED,85.0,0.4581151832460658,0.4581151832460658,-12.04188481675393,5.0,175.0,-8.000000000000162,75.9
2026-09-18,NIFTY,15:06:05,132,1,E_BOTH_CONFIRM,MODE_A,15:06-15:09,False,True,[],False,['NOT_EARLY'],15,5.700000000000728,0.5499999999992724,0.9120000000001164,2.8842891075670174,1.3852242744063288,0.6755545303464805,0.6926121372031737,10,False,True,-2,False,SYNCHRONIZED,False,0.0,76.4,0.1965,0.2714,-3.6649214659686007,EVENT_INVALIDATED,85.0,0.4581151832460658,0.4581151832460658,-12.04188481675393,5.0,175.0,-8.000000000000162,75.9
2026-09-18,NIFTY,15:06:10,133,1,D_UNDERLYING_LEADS,MODE_A,15:06-15:09,False,True,[],True,[],20,3.75,2.5,0.6,3.5968781812012294,0.6878480183426027,0.839465117183956,0.6878480183426027,5,True,True,-2,True,SYNCHRONIZED,False,0.0,76.95,0.2602,0.3297,-1.6244314489928524,MOMENTUM_FAILURE,30.0,0.0,-0.5847953216374306,-12.670565302144249,20.0,170.0,,76.4
2026-09-18,NIFTY,15:06:45,140,-1,C_OPTION_LEADS,MODE_A,15:06-15:09,False,False,['OPTION_NOT_RESPONDING'],False,['OPTION_NOT_RESPONDING'],30,0.9500000000007276,17.400000000001455,0.05177111716624603,2.390340068999504,9.217809867629365,0.20591912424019604,0.3850782190132426,255,False,True,,False,FALSE_OPTION_MOVE,False,0.0,104.4,0.2398,0.1822,5.028735632183907,TARGET,70.0,5.028735632183907,8.524904214559378,0.6226053639846661,225.0,5.0,0.5898876404494388,104.0
2026-09-18,NIFTY,15:08:40,163,-1,G_CONTINUATION,MODE_A,15:06-15:09,False,False,"['NOT_EARLY', 'OPTION_NOT_RESPONDING', 'EXTENDED']",False,"['NOT_EARLY', 'OPTION_NOT_RESPONDING', 'EXTENDED']",60,9.299999999995634,5.05000000000291,0.6480836236931413,4.784350695262788,2.069275753486277,0.6980757896625713,0.60728744939271,140,True,True,0,False,SYNCHRONIZED,False,0.0,111.95,0.2236,0.2242,-0.491290754801248,FUTURES_DIVERGENCE,65.0,1.0272443054935163,1.20589548905761,-4.466279589102277,110.0,285.0,-0.407407407407407,111.2
2026-09-18,NIFTY,15:09:45,176,-1,C_OPTION_LEADS,MODE_A,15:09-15:12,False,False,"['NOT_EARLY', 'NO_DIRECTIONAL_AGREEMENT', 'OPTION_NOT_RESPONDING']",False,"['NO_DIRECTIONAL_AGREEMENT', 'OPTION_NOT_RESPONDING']",55,0.9000000000014552,4.150000000001455,0.17821782178236367,1.3751127141568904,0.9117189237269341,0.6013178632727789,-0.8005336891260765,75,False,False,,False,FALSE_OPTION_MOVE,True,0.5901639344262272,111.65,0.2242,0.3188,-1.8360949395432253,EVENT_INVALIDATED,90.0,1.4778325123152631,1.4778325123152631,-4.20958351992835,45.0,220.0,-1.2424242424242558,112.55
2026-09-18,NIFTY,15:12:20,207,1,A_EARLY_MOMENTUM,MODE_A,15:12-15:15,False,False,['OPTION_NOT_RESPONDING'],False,"['NOT_EARLY', 'OPTION_NOT_RESPONDING']",15,5.799999999999272,3.099999999998545,0.651685393258505,0.42949176807446154,1.3542409123307038,0.24078258631046937,-0.39201710620100594,125,False,True,-1,False,SYNCHRONIZED,True,0.9677419354838639,69.9,0.0716,0.2869,-0.4291845493562394,EVENT_INVALIDATED,5.0,0.0,1.57367668097281,-3.0758226037196073,50.0,130.0,-0.2727272727272845,70.2
2026-09-18,NIFTY,15:12:20,207,1,B_ACCELERATION,MODE_A,15:12-15:15,False,False,['OPTION_NOT_RESPONDING'],False,"['NOT_EARLY', 'OPTION_NOT_RESPONDING']",15,5.799999999999272,3.099999999998545,0.651685393258505,0.42949176807446154,1.3542409123307038,0.24078258631046937,-0.39201710620100594,125,False,True,-1,False,SYNCHRONIZED,True,0.9677419354838639,69.9,0.0716,0.2869,-0.4291845493562394,EVENT_INVALIDATED,5.0,0.0,1.57367668097281,-3.0758226037196073,50.0,130.0,-0.2727272727272845,70.2
2026-09-18,NIFTY,15:12:25,208,1,D_UNDERLYING_LEADS,MODE_A,15:12-15:15,False,False,['OPTION_NOT_RESPONDING'],False,['OPTION_NOT_RESPONDING'],20,3.2000000000007276,5.69999999999709,0.3595505617979227,1.1095204008589918,0.6725663716814079,0.6225961709358006,-1.3097345132743323,120,True,True,-1,False,SYNCHRONIZED,True,1.1935483870967618,69.8,0.2869,0.289,-1.002865329512898,UNDERLYING_INVALIDATION,5.0,0.0,1.7191977077363938,-2.9369627507163285,45.0,125.0,-0.5833333333333343,70.65
2026-09-18,NIFTY,15:13:00,215,1,C_OPTION_LEADS,MODE_A,15:12-15:15,False,False,['NO_DIRECTIONAL_AGREEMENT'],False,['NO_DIRECTIONAL_AGREEMENT'],10,0.0,11.19999999999709,0.0,2.136279926335179,2.5604038946988696,0.4548485714043326,0.7573025604038824,85,False,False,,False,FALSE_OPTION_MOVE,False,0.0,69.95,0.2863,0.2901,-1.572551822730534,FUTURES_DIVERGENCE,60.0,1.5010721944245848,1.5010721944245848,-4.3602573266618965,10.0,285.0,-1.0476190476190586,69.4
2026-09-18,NIFTY,15:13:15,218,1,E_BOTH_CONFIRM,MODE_A,15:12-15:15,False,True,[],False,['NOT_EARLY'],25,5.950000000000728,5.249999999996362,0.5312500000002031,4.493554327808467,0.24673951357066926,0.9479484770718595,0.21149101163201364,70,False,True,-3,False,OPTION_LEAD,False,0.0,71.15,0.211,0.1415,-0.7730147575544783,MOMENTUM_FAILURE,30.0,0.0,-0.21082220660577045,-8.292340126493333,10.0,300.0,,71.05
2026-09-18,NIFTY,15:14:10,229,-1,C_OPTION_LEADS,MODE_A,15:12-15:15,False,False,['NO_DIRECTIONAL_AGREEMENT'],False,['NO_DIRECTIONAL_AGREEMENT'],5,0.4500000000007276,12.450000000000728,0.03488372093028502,3.59813084112149,1.714027965719446,0.6773387189569445,-0.9697789806044101,280,False,True,,False,FALSE_OPTION_MOVE,False,0.2792207792207767,109.9,0.2277,0.2285,-0.5459508644222097,EVENT_INVALIDATED,5.0,0.0,2.5022747952684257,-2.365787079162883,245.0,75.0,-0.21818181818182128,110.9
2026-09-18,NIFTY,15:14:25,232,1,E_BOTH_CONFIRM,MODE_A,15:12-15:15,False,False,['NOT_EARLY'],False,['NOT_EARLY'],45,6.19999999999709,0.0,1.0,1.4587892049598834,1.1143062544931785,0.5669394035112728,-2.1926671459381617,,True,True,3,False,UNDERLYING_LEAD,True,1.5249999999999915,68.1,0.2205,0.2948,-0.5139500734214307,UNDERLYING_INVALIDATION,5.0,0.0,3.1571218795888485,-4.698972099853141,50.0,265.0,-0.16279069767441554,69.65
2026-09-18,NIFTY,15:15:15,242,1,C_OPTION_LEADS,MODE_B,MODE B 15:15-15:30,False,False,"['WINDOW', 'NO_DIRECTIONAL_AGREEMENT']",False,"['WINDOW', 'NO_DIRECTIONAL_AGREEMENT']",30,0.5499999999992724,3.75,0.12790697674403848,2.468680913780415,1.150665228335127,0.6820792532259564,1.150665228335127,15,True,True,2,False,SYNCHRONIZED,False,0.0,70.4,0.2133,0.1425,-0.35511363636363635,FUTURES_DIVERGENCE,5.0,0.0,-0.35511363636363635,-9.019886363636374,5.0,300.0,,69.55
2026-09-18,NIFTY,15:17:50,273,-1,C_OPTION_LEADS,MODE_B,MODE B 15:15-15:30,False,False,"['WINDOW', 'NOT_EARLY']",False,['WINDOW'],55,3.0499999999956344,11.55000000000291,0.2089041095887629,1.3278388278388304,3.6601897876186147,0.2662051343739246,-0.045187528242215426,255,True,False,8,False,UNDERLYING_LEAD,False,0.2820512820512875,110.7,0.1808,0.227,-0.6323396567299032,FUTURES_DIVERGENCE,80.0,1.7615176151761545,3.4778681120144483,-1.219512195121959,160.0,105.0,-0.18181818181818282,110.8
2026-09-18,NIFTY,15:18:20,279,-1,A_EARLY_MOMENTUM,MODE_B,MODE B 15:15-15:30,False,False,"['WINDOW', 'NOT_EARLY']",False,"['WINDOW', 'NOT_EARLY']",50,6.75,5.400000000001455,0.555555555555489,2.837528604118988,2.0916777926123795,0.5756562772458862,-0.20026702269692417,225,False,True,-6,False,OPTION_LEAD,False,0.17857142857142858,112.25,0.223,0.1347,-0.8463251670378644,EVENT_INVALIDATED,105.0,0.13363028953229905,2.048997772828505,-2.5835189309576885,130.0,75.0,-0.41304347826087134,112.45
2026-09-18,NIFTY,15:18:20,279,-1,B_ACCELERATION,MODE_B,MODE B 15:15-15:30,False,False,"['WINDOW', 'NOT_EARLY']",False,"['WINDOW', 'NOT_EARLY']",50,6.75,5.400000000001455,0.555555555555489,2.837528604118988,2.0916777926123795,0.5756562772458862,-0.20026702269692417,225,False,True,-6,False,OPTION_LEAD,False,0.17857142857142858,112.25,0.223,0.1347,-0.8463251670378644,EVENT_INVALIDATED,105.0,0.13363028953229905,2.048997772828505,-2.5835189309576885,130.0,75.0,-0.41304347826087134,112.45
2026-09-18,NIFTY,15:20:05,300,-1,C_OPTION_LEADS,MODE_B,MODE B 15:15-15:30,False,False,"['WINDOW', 'OPTION_NOT_RESPONDING']",False,"['WINDOW', 'OPTION_NOT_RESPONDING']",15,1.5,5.05000000000291,0.2290076335876845,1.8954099109385731,3.3168982519049783,0.3636411838521345,-0.15688032272523278,250,False,False,,False,FALSE_OPTION_MOVE,False,0.08433734939758887,111.45,0.1347,0.1775,1.0318528488111185,UNDERLYING_INVALIDATION,5.0,1.0318528488111185,3.275011215791827,-1.4356213548676613,240.0,60.0,0.31506849315068336,111.7
2026-09-18,NIFTY,15:20:25,304,-1,B_ACCELERATION,MODE_B,MODE B 15:15-15:30,False,False,['WINDOW'],False,"['WINDOW', 'NOT_EARLY']",10,5.650000000001455,4.75,0.5432692307692947,3.927837405800422,1.2964183695890963,0.7518463058994397,-0.06591957811470256,295,False,True,-4,False,OPTION_LEAD,False,0.11518324607329769,113.8,0.1759,0.1783,-1.4938488576449938,FUTURES_DIVERGENCE,55.0,0.6590509666080844,1.1423550087873438,-3.471001757469247,220.0,40.0,-1.3076923076923128,113.95
2026-09-18,NIFTY,15:20:25,304,-1,E_BOTH_CONFIRM,MODE_B,MODE B 15:15-15:30,False,False,['WINDOW'],False,"['WINDOW', 'NOT_EARLY']",10,5.650000000001455,4.75,0.5432692307692947,3.927837405800422,1.2964183695890963,0.7518463058994397,-0.06591957811470256,295,False,True,-4,False,OPTION_LEAD,False,0.11518324607329769,113.8,0.1759,0.1783,-1.4938488576449938,FUTURES_DIVERGENCE,55.0,0.6590509666080844,1.1423550087873438,-3.471001757469247,220.0,40.0,-1.3076923076923128,113.95
2026-09-18,NIFTY,15:20:40,307,-1,D_UNDERLYING_LEADS,MODE_B,MODE B 15:15-15:30,False,False,"['WINDOW', 'OPTION_NOT_RESPONDING']",False,"['WINDOW', 'OPTION_NOT_RESPONDING']",25,5.200000000000728,5.299999999999272,0.49523809523816453,4.772779173327252,0.479511769834348,0.9087042635254879,-0.6538796861377506,295,True,True,-4,True,OPTION_LEAD,False,0.1435406698564591,114.0,0.0878,0.2243,-2.324561403508777,MOMENTUM_FAILURE,30.0,0.0,0.9649122807017494,-3.6403508771929873,205.0,25.0,-2.409090909090927,114.85
2026-09-18,NIFTY,15:21:05,312,1,C_OPTION_LEADS,MODE_B,MODE B 15:15-15:30,False,False,"['WINDOW', 'NOT_EARLY']",False,['WINDOW'],55,1.0499999999992724,0.0,1.0,4.693715194908505,0.6458966565349501,0.8790367774840515,0.6458966565349501,,True,True,6,True,UNDERLYING_LEAD,False,0.0,66.3,0.2265,0.2321,-2.6395173453996983,EVENT_INVALIDATED,15.0,0.0,-2.187028657616897,-6.108597285067869,10.0,180.0,,65.9
2026-09-18,NIFTY,15:22:45,332,-1,C_OPTION_LEADS,MODE_B,MODE B 15:15-15:30,False,False,"['WINDOW', 'NOT_EARLY', 'OPTION_NOT_RESPONDING']",False,"['WINDOW', 'OPTION_NOT_RESPONDING']",55,0.8999999999978172,3.5,0.20454545454505993,1.7101710171017155,1.991150442477876,0.4620433636412554,0.13274336283186344,180,True,True,3,False,UNDERLYING_LEAD,False,0.17999999999999544,113.3,0.2651,0.2208,-0.1765225066195965,EVENT_INVALIDATED,20.0,0.441306266548985,1.5887025595763433,-9.664607237422775,80.0,300.0,-0.11111111111111288,113.1
2026-09-18,NIFTY,15:24:40,355,1,C_OPTION_LEADS,MODE_B,MODE B 15:15-15:30,False,False,"['WINDOW', 'NO_DIRECTIONAL_AGREEMENT']",False,"['WINDOW', 'NO_DIRECTIONAL_AGREEMENT']",25,0.5,17.700000000000728,0.027472527472526376,2.405773857257418,9.984338292873913,0.19416885239670068,-0.8222396241190267,300,False,False,,False,FALSE_OPTION_MOVE,False,0.34999999999999903,63.4,0.2369,0.3012,4.574132492113563,TIME_EXIT,120.0,4.574132492113563,10.646687697160894,-0.3943217665615142,185.0,10.0,0.42962962962962903,63.9
2026-09-18,NIFTY,15:26:50,381,1,C_OPTION_LEADS,MODE_B,MODE B 15:15-15:30,False,False,"['WINDOW', 'NOT_EARLY', 'OPTION_NOT_RESPONDING']",False,"['WINDOW', 'OPTION_NOT_RESPONDING']",60,3.9500000000007276,14.599999999998545,0.21293800539088314,4.1568627450980475,5.7605421686746805,0.4191482329540899,2.0707831325301203,185,True,True,0,False,SYNCHRONIZED,False,0.0955056179775274,67.9,0.3689,0.2903,1.3254786450662612,TRAIL_STOP,100.0,3.313696612665685,3.313696612665685,-2.2091310751104563,55.0,105.0,0.39999999999999614,66.5
2026-09-18,NIFTY,15:26:55,382,1,B_ACCELERATION,MODE_B,MODE B 15:15-15:30,False,False,"['WINDOW', 'NOT_EARLY']",False,"['WINDOW', 'NOT_EARLY']",50,8.649999999997817,9.75,0.47010869565211105,6.98039215686275,2.969208211143682,0.7015751285155775,0.47653958944281943,180,True,True,0,False,SYNCHRONIZED,False,0.0,68.65,0.3648,0.292,-0.36416605972323374,FUTURES_DIVERGENCE,20.0,0.0,2.1849963583394025,-3.2774945375091042,50.0,100.0,-0.16666666666666666,68.3
2026-09-18,NIFTY,15:26:55,382,1,E_BOTH_CONFIRM,MODE_B,MODE B 15:15-15:30,False,False,"['WINDOW', 'NOT_EARLY']",False,"['WINDOW', 'NOT_EARLY']",50,8.649999999997817,9.75,0.47010869565211105,6.98039215686275,2.969208211143682,0.7015751285155775,0.47653958944281943,180,True,True,0,False,SYNCHRONIZED,False,0.0,68.65,0.3648,0.292,-0.36416605972323374,FUTURES_DIVERGENCE,20.0,0.0,2.1849963583394025,-3.2774945375091042,50.0,100.0,-0.16666666666666666,68.3
2026-09-18,NIFTY,15:26:55,382,1,G_CONTINUATION,MODE_B,MODE B 15:15-15:30,False,False,"['WINDOW', 'NOT_EARLY']",False,"['WINDOW', 'NOT_EARLY']",50,8.649999999997817,9.75,0.47010869565211105,6.98039215686275,2.969208211143682,0.7015751285155775,0.47653958944281943,180,True,True,0,False,SYNCHRONIZED,False,0.0,68.65,0.3648,0.292,-0.36416605972323374,FUTURES_DIVERGENCE,20.0,0.0,2.1849963583394025,-3.2774945375091042,50.0,100.0,-0.16666666666666666,68.3
2026-09-18,NIFTY,15:27:05,384,1,D_UNDERLYING_LEADS,MODE_B,MODE B 15:15-15:30,False,False,"['WINDOW', 'NOT_EARLY', 'NO_DIRECTIONAL_AGREEMENT', 'OPTION_NOT_RESPONDING']",False,"['WINDOW', 'NOT_EARLY', 'NO_DIRECTIONAL_AGREEMENT', 'OPTION_NOT_RESPONDING']",60,6.649999999997817,11.75,0.3614130434781851,7.4901960784313815,2.4808464064209974,0.751194881559295,-0.14593214155418974,170,True,True,0,True,SYNCHRONIZED,False,0.02094240837696511,68.5,0.2192,0.292,-0.14598540145984573,FUTURES_DIVERGENCE,10.0,0.14598540145984573,2.4087591240875996,-3.065693430656926,40.0,90.0,-0.06060606060605696,68.65
2026-09-18,NIFTY,15:28:45,404,-1,C_OPTION_LEADS,MODE_B,MODE B 15:15-15:30,False,False,['WINDOW'],False,['WINDOW'],15,2.2999999999992724,0.5499999999992724,0.8070175438598058,5.613863802782524,0.0,1.0,-0.5777675063554426,10,False,True,,False,FALSE_OPTION_MOVE,False,0.10869565217391304,107.7,0.2789,0.2317,0.046425255338901725,UNDERLYING_INVALIDATION,20.0,0.27855153203342353,0.27855153203342353,-0.8820798514391855,15.0,45.0,0.16666666666665877,108.3
2026-09-18,SENSEX,14:56:50,21,-1,B_ACCELERATION,PRE,PRE 14:55-15:00,False,False,"['WINDOW', 'NOT_EARLY', 'OPTION_NOT_RESPONDING']",False,"['WINDOW', 'NOT_EARLY', 'OPTION_NOT_RESPONDING']",60,21.27499999999418,14.700000000011642,0.591382904794739,0.8709818910959246,4.1123120884581965,0.17478035505620632,-0.024847807181007802,265,False,False,,False,OPTION_NO_RESPONSE,False,0.08783783783783504,402.65,0.1491,0.2463,0.7078107537563698,EVENT_INVALIDATED,55.0,0.9189122066310805,3.9736744070532724,-3.5887246988699837,255.0,110.0,0.17812500000000142,402.85
2026-09-18,SENSEX,14:56:55,22,-1,A_EARLY_MOMENTUM,PRE,PRE 14:55-15:00,False,False,"['WINDOW', 'NOT_EARLY', 'OPTION_NOT_RESPONDING']",False,"['WINDOW', 'NOT_EARLY', 'OPTION_NOT_RESPONDING']",60,21.30000000000291,14.67500000000291,0.5920778318276432,0.9273764020301994,4.0541379524430345,0.1861635510891274,0.49667846278015765,260,True,False,,False,OPTION_NO_RESPONSE,False,0.0,405.0,0.1606,0.2463,0.12345679012345678,EVENT_INVALIDATED,50.0,0.3333333333333389,3.3703703703703645,-4.148148148148151,250.0,105.0,0.036630036630036694,403.05
2026-09-18,SENSEX,14:58:50,45,1,A_EARLY_MOMENTUM,PRE,PRE 14:55-15:00,False,False,"['WINDOW', 'NOT_EARLY']",False,"['WINDOW', 'NOT_EARLY']",35,34.77499999999418,0.0,1.0,5.946175293975036,0.0,1.0,-0.9668745351564787,,True,True,0,False,SYNCHRONIZED,False,0.17227319062181518,433.4,0.3004,0.2646,-4.187817258883244,EVENT_INVALIDATED,65.0,0.023073373327185683,0.023073373327185683,-8.06414397784956,5.0,135.0,-181.4999999999585,437.55
2026-09-18,SENSEX,14:58:50,45,1,B_ACCELERATION,PRE,PRE 14:55-15:00,False,False,"['WINDOW', 'NOT_EARLY']",False,"['WINDOW', 'NOT_EARLY']",35,34.77499999999418,0.0,1.0,5.946175293975036,0.0,1.0,-0.9668745351564787,,True,True,0,False,SYNCHRONIZED,False,0.17227319062181518,433.4,0.3004,0.2646,-4.187817258883244,EVENT_INVALIDATED,65.0,0.023073373327185683,0.023073373327185683,-8.06414397784956,5.0,135.0,-181.4999999999585,437.55
2026-09-18,SENSEX,14:58:50,45,1,E_BOTH_CONFIRM,PRE,PRE 14:55-15:00,False,False,"['WINDOW', 'NOT_EARLY']",False,"['WINDOW', 'NOT_EARLY']",35,34.77499999999418,0.0,1.0,5.946175293975036,0.0,1.0,-0.9668745351564787,,True,True,0,False,SYNCHRONIZED,False,0.17227319062181518,433.4,0.3004,0.2646,-4.187817258883244,EVENT_INVALIDATED,65.0,0.023073373327185683,0.023073373327185683,-8.06414397784956,5.0,135.0,-181.4999999999585,437.55
2026-09-18,SENSEX,14:58:50,45,1,G_CONTINUATION,PRE,PRE 14:55-15:00,False,False,"['WINDOW', 'NOT_EARLY']",False,"['WINDOW', 'NOT_EARLY']",35,34.77499999999418,0.0,1.0,5.946175293975036,0.0,1.0,-0.9668745351564787,,True,True,0,False,SYNCHRONIZED,False,0.17227319062181518,433.4,0.3004,0.2646,-4.187817258883244,EVENT_INVALIDATED,65.0,0.023073373327185683,0.023073373327185683,-8.06414397784956,5.0,135.0,-181.4999999999585,437.55
2026-09-18,SENSEX,15:00:05,60,-1,B_ACCELERATION,MODE_A,15:00-15:03,False,False,['NOT_EARLY'],False,['NOT_EARLY'],50,21.25,31.72499999999127,0.4011326097216329,3.0409282162437874,4.330879168471199,0.412507823054218,0.7548103693621262,290,True,True,0,False,SYNCHRONIZED,False,0.0,407.45,0.1597,0.2435,0.6872008835439959,MOMENTUM_FADE,75.0,2.74880353417597,3.362375751625964,0.47858632961099246,280.0,125.0,0.2043795620437966,404.6
2026-09-18,SENSEX,15:00:05,60,-1,E_BOTH_CONFIRM,MODE_A,15:00-15:03,False,False,['NOT_EARLY'],False,['NOT_EARLY'],50,21.25,31.72499999999127,0.4011326097216329,3.0409282162437874,4.330879168471199,0.412507823054218,0.7548103693621262,290,True,True,0,False,SYNCHRONIZED,False,0.0,407.45,0.1597,0.2435,0.6872008835439959,MOMENTUM_FADE,75.0,2.74880353417597,3.362375751625964,0.47858632961099246,280.0,125.0,0.2043795620437966,404.6
2026-09-18,SENSEX,15:00:10,61,-1,A_EARLY_MOMENTUM,MODE_A,15:00-15:03,False,False,['NOT_EARLY'],False,['NOT_EARLY'],55,24.999999999985448,27.97500000000582,0.4719207173192934,3.150057273768614,4.034795483990368,0.4384303172207448,1.5917083101980354,285,True,True,0,True,SYNCHRONIZED,False,0.0,412.0,0.1579,0.2196,-0.631067961165054,TIME_EXIT,120.0,1.614077669902907,2.2208737864077612,-0.631067961165054,275.0,120.0,-0.2841530054644841,405.55
2026-09-18,SENSEX,15:00:15,62,-1,G_CONTINUATION,MODE_A,15:00-15:03,False,False,"['NOT_EARLY', 'OPTION_NOT_RESPONDING']",False,"['NOT_EARLY', 'OPTION_NOT_RESPONDING']",60,30.07499999999709,22.89999999999418,0.5677206229353855,3.633702430953284,3.5492784771261867,0.5058766656146988,1.2158428001228097,280,True,True,0,True,SYNCHRONIZED,False,0.0,412.55,0.2305,0.279,-0.21815537510605604,TIME_EXIT,120.0,1.4786086534965377,2.0845958065688923,-0.7635438128711753,270.0,115.0,-0.10465116279070207,407.45
2026-09-18,SENSEX,15:00:20,63,-1,D_UNDERLYING_LEADS,MODE_A,15:00-15:03,False,False,['NOT_EARLY'],False,['NOT_EARLY'],35,33.44999999998254,18.0,0.6501457725946335,4.512566641279522,2.4048096192384714,0.6523523473828801,0.589056901682155,275,True,True,0,True,SYNCHRONIZED,False,0.0,414.65,0.2656,0.2656,-0.2411672494875196,TIME_EXIT,120.0,0.9646689979500784,1.5675871216688775,-1.266128059809478,265.0,110.0,-0.15384615384615385,412.0
2026-09-18,SENSEX,15:01:15,74,-1,G_CONTINUATION,MODE_A,15:00-15:03,False,False,"['NOT_EARLY', 'OPTION_NOT_RESPONDING', 'EXTENDED']",False,"['NOT_EARLY', 'OPTION_NOT_RESPONDING', 'EXTENDED']",60,22.72500000000582,0.27499999999417923,0.9880434782611226,2.916794596254222,0.6145584725536966,0.8259708217844234,-0.2804295942720791,265,True,True,0,False,SYNCHRONIZED,False,0.09894736842105359,418.4,0.2752,0.2435,-1.9478967495219834,UNDERLYING_INVALIDATION,5.0,0.0,0.6572657743785851,-3.0353728489483722,210.0,295.0,-2.963636363636356,419.35
2026-09-18,SENSEX,15:01:30,77,1,B_ACCELERATION,MODE_A,15:00-15:03,False,True,[],False,['NOT_EARLY'],15,17.95000000001164,0.0,1.0,2.4501817270334714,1.1499174261422689,0.6805872901784116,-0.21408037188818888,,False,False,0,False,SYNCHRONIZED,False,0.08951406649616336,408.3,0.2207,0.2325,-0.04898359049718066,TIME_EXIT,120.0,1.1633602743081066,1.1633602743081066,-2.2899828557433315,100.0,240.0,-0.04210526315789235,409.0
2026-09-18,SENSEX,15:01:30,77,1,E_BOTH_CONFIRM,MODE_A,15:00-15:03,False,True,[],False,['NOT_EARLY'],15,17.95000000001164,0.0,1.0,2.4501817270334714,1.1499174261422689,0.6805872901784116,-0.21408037188818888,,False,False,0,False,SYNCHRONIZED,False,0.08951406649616336,408.3,0.2207,0.2325,-0.04898359049718066,TIME_EXIT,120.0,1.1633602743081066,1.1633602743081066,-2.2899828557433315,100.0,240.0,-0.04210526315789235,409.0
2026-09-18,SENSEX,15:08:20,159,-1,B_ACCELERATION,MODE_A,15:06-15:09,False,False,"['NOT_EARLY', 'OPTION_NOT_RESPONDING', 'EXTENDED']",False,"['NOT_EARLY', 'OPTION_NOT_RESPONDING', 'EXTENDED']",60,23.40000000000873,37.54999999998836,0.38392124692386953,2.0267867725494737,2.2537174721189697,0.4734925272119344,0.08131970260223578,50,True,True,-4,False,OPTION_LEAD,False,0.0,431.0,0.1161,0.2637,1.0440835266821344,TIME_EXIT,120.0,1.9721577726218096,1.9721577726218096,-2.5522041763341066,45.0,290.0,0.5294117647058824,430.85
2026-09-18,SENSEX,15:08:20,159,-1,G_CONTINUATION,MODE_A,15:06-15:09,False,False,"['NOT_EARLY', 'OPTION_NOT_RESPONDING', 'EXTENDED']",False,"['NOT_EARLY', 'OPTION_NOT_RESPONDING', 'EXTENDED']",60,23.40000000000873,37.54999999998836,0.38392124692386953,2.0267867725494737,2.2537174721189697,0.4734925272119344,0.08131970260223578,50,True,True,-4,False,OPTION_LEAD,False,0.0,431.0,0.1161,0.2637,1.0440835266821344,TIME_EXIT,120.0,1.9721577726218096,1.9721577726218096,-2.5522041763341066,45.0,290.0,0.5294117647058824,430.85
2026-09-18,SENSEX,15:08:25,160,-1,A_EARLY_MOMENTUM,MODE_A,15:06-15:09,False,False,"['NOT_EARLY', 'OPTION_NOT_RESPONDING', 'EXTENDED']",False,"['NOT_EARLY', 'OPTION_NOT_RESPONDING', 'EXTENDED']",60,25.75,34.22499999999127,0.42934556065033347,1.5004725897920659,2.4560586660458643,0.3792394126997209,0.7740658829007074,45,True,True,-4,False,OPTION_LEAD,False,0.0,433.35,0.2195,0.1941,0.9691934925579758,TIME_EXIT,120.0,1.4191761855313205,1.4191761855313205,-3.080650744202151,40.0,285.0,0.6829268292682933,430.1
2026-09-18,SENSEX,15:09:30,173,1,F_REVERSAL,MODE_A,15:09-15:12,False,False,['OPTION_NOT_RESPONDING'],False,"['NOT_EARLY', 'OPTION_NOT_RESPONDING']",20,17.67499999998836,13.375,0.5692431561995165,1.0202013377474588,3.4510433386837818,0.22816942743597307,1.163723916532896,230,False,False,0,False,SYNCHRONIZED,False,0.0,378.65,0.2644,0.2223,0.8583124257229633,TIME_EXIT,120.0,1.3732998811567532,2.0071305955367813,-2.205202693780527,220.0,190.0,0.42763157894736725,374.2
2026-09-18,SENSEX,15:09:35,174,1,A_EARLY_MOMENTUM,MODE_A,15:09-15:12,False,True,[],False,['NOT_EARLY'],25,23.04999999998836,8.0,0.7423510466987762,2.0809404769948103,2.3760672446885867,0.4668918267453318,-0.6022900258124386,225,True,True,0,False,SYNCHRONIZED,False,0.3323076923076909,375.9,0.2397,0.1958,1.8089917531258344,TIME_EXIT,120.0,2.1149241819633002,2.753391859537117,-1.4897579143389108,215.0,185.0,0.657004830917874,378.0
2026-09-18,SENSEX,15:09:35,174,1,D_UNDERLYING_LEADS,MODE_A,15:09-15:12,False,True,[],False,['NOT_EARLY'],25,23.04999999998836,8.0,0.7423510466987762,2.0809404769948103,2.3760672446885867,0.4668918267453318,-0.6022900258124386,225,True,True,0,False,SYNCHRONIZED,False,0.3323076923076909,375.9,0.2397,0.1958,1.8089917531258344,TIME_EXIT,120.0,2.1149241819633002,2.753391859537117,-1.4897579143389108,215.0,185.0,0.657004830917874,378.0
2026-09-18,SENSEX,15:09:35,174,1,E_BOTH_CONFIRM,MODE_A,15:09-15:12,False,True,[],False,['NOT_EARLY'],25,23.04999999998836,8.0,0.7423510466987762,2.0809404769948103,2.3760672446885867,0.4668918267453318,-0.6022900258124386,225,True,True,0,False,SYNCHRONIZED,False,0.3323076923076909,375.9,0.2397,0.1958,1.8089917531258344,TIME_EXIT,120.0,2.1149241819633002,2.753391859537117,-1.4897579143389108,215.0,185.0,0.657004830917874,378.0
2026-09-18,SENSEX,15:20:20,303,-1,E_BOTH_CONFIRM,MODE_B,MODE B 15:15-15:30,False,False,"['WINDOW', 'NOT_EARLY']",False,"['WINDOW', 'NOT_EARLY']",35,18.27499999999418,10.22500000000582,0.6412280701752343,2.8416779431664385,0.8123569794050369,0.7776822070344768,0.434782608695647,20,True,True,2,False,SYNCHRONIZED,False,0.0,439.5,0.2734,0.2616,-0.09101251422070017,FUTURES_DIVERGENCE,5.0,0.0,0.17064846416382254,-3.5494880546075134,10.0,250.0,-0.5333333333333029,437.65
2026-09-18,SENSEX,15:20:30,305,-1,A_EARLY_MOMENTUM,MODE_B,MODE B 15:15-15:30,False,False,"['WINDOW', 'NOT_EARLY', 'OPTION_NOT_RESPONDING']",False,"['WINDOW', 'NOT_EARLY', 'OPTION_NOT_RESPONDING']",45,24.27499999999418,4.225000000005821,0.8517543859647081,3.2888156733541134,0.37593984962406796,0.8974174819392704,0.37593984962406796,10,True,True,2,True,SYNCHRONIZED,False,0.0,440.85,0.1362,0.1975,-2.4611545877282572,EVENT_INVALIDATED,25.0,0.0,-0.5444028581150128,-3.844845185437234,5.0,240.0,,439.5
2026-09-18,SENSEX,15:20:35,306,-1,G_CONTINUATION,MODE_B,MODE B 15:15-15:30,False,False,"['WINDOW', 'NOT_EARLY', 'OPTION_NOT_RESPONDING']",False,"['WINDOW', 'NOT_EARLY', 'OPTION_NOT_RESPONDING']",50,27.05000000000291,1.4499999999970896,0.949122807017646,3.4712008001412014,0.19901063285381249,0.9457767933845127,-0.14783647011998274,5,True,True,2,True,SYNCHRONIZED,False,0.09760000000000219,439.6,0.2619,0.2734,-0.2843494085532302,EVENT_INVALIDATED,5.0,0.0,-0.2843494085532302,-4.02638762511375,5.0,300.0,,440.25
2026-09-18,SENSEX,15:21:05,312,1,B_ACCELERATION,MODE_B,MODE B 15:15-15:30,False,False,['WINDOW'],False,"['WINDOW', 'NOT_EARLY']",25,21.30000000000291,5.274999999994179,0.8015051740359451,3.040846148493497,1.0197190707725645,0.7488726283882035,1.0197190707725645,10,True,False,4,False,UNDERLYING_LEAD,False,0.0,374.45,0.254,0.2739,-2.617171852049676,EVENT_INVALIDATED,25.0,0.0,-1.2685271731873413,-4.0459340365869885,5.0,180.0,,370.65
2026-09-18,SENSEX,15:21:10,313,1,D_UNDERLYING_LEADS,MODE_B,MODE B 15:15-15:30,False,False,['WINDOW'],False,"['WINDOW', 'NOT_EARLY']",30,26.35000000000582,0.22499999999126885,0.9915333960492457,4.035905643309443,0.053508126546731455,0.9869154530311534,-0.9497692462042552,5,True,True,4,False,UNDERLYING_LEAD,False,0.25510204081632576,370.75,0.2836,0.2739,-1.6453135536075585,EVENT_INVALIDATED,20.0,0.0,-0.6473364801078834,-3.088334457181386,5.0,175.0,,374.2
2026-09-18,SENSEX,15:27:45,392,1,B_ACCELERATION,MODE_B,MODE B 15:15-15:30,False,False,"['WINDOW', 'NOT_EARLY', 'OPTION_NOT_RESPONDING']",False,"['WINDOW', 'NOT_EARLY', 'OPTION_NOT_RESPONDING']",60,22.22500000000582,0.8000000000029104,0.9652551574374546,2.9780883250797157,0.6851119894598215,0.8129744675057607,0.6851119894598215,10,True,True,0,False,SYNCHRONIZED,False,0.0,382.55,0.2355,0.2888,-0.5881584106652725,MOMENTUM_FAILURE,30.0,0.0,-0.26140373807345446,-3.2283361652071685,5.0,125.0,,379.9
